title,location,price,bedroom,bathroom,area,year_contruction,maintenance,housing_type,operation_type,date_pub,url
Apartamento en alquiler en Santiago de Surco,"Santiago de Surco, Lima, Lima ","S/.2,100",2 dormitorios,2 baños,50 m²,2020,S/.300,Apartamento,Alquiler,Hace 3 horas - Publicado por Vania Rodríguez Bustamante,https://www.properati.com.pe/detalle/14032-32-a8e1-d825cfc61b6a-fad681b1-a15d-4093
Apartamento en alquiler en Sd. S/N,"Sd. S/N, Pueblo Libre, Lima, Lima ","S/.2,300",2 dormitorios,2 baños,66 m²,2017,S/.245,Apartamento,Alquiler,Hace 3 horas - Publicado por Javier Sánchez Agente Inmobiliario,https://www.properati.com.pe/detalle/14032-32-39a3-a64e4e6ae2e3-d41e8f80-924b-4817
Apartamento en alquiler en Ur. La Campiña,"Ur. La Campiña, Chorrillos, Lima, Lima ","S/.1,600",3 dormitorios,2 baños,76 m²,,,Apartamento,Alquiler,"Hace 1 día, 7 horas - Publicado por Patricia y Rogelio",https://www.properati.com.pe/detalle/14032-32-de19-59e83e2b10db-bceeb890-a46f-120d
Apartamento en alquiler en Ur. Los Cedros De Villa Etapa Viii,"Ur. Los Cedros De Villa Etapa Viii, Chorrillos, Lima, Lima ","S/.1,750",3 dormitorios,2 baños,100 m²,1995,,Apartamento,Alquiler,28 mar. 2023 - Publicado por Leonardo Quispe,https://www.properati.com.pe/detalle/14032-32-cdcc-87e6a8297e90-f2c2e020-b445-120d
Apartamento en alquiler en Ur. America,"Ur. America, Miraflores, Lima, Lima ","USD1,400",3 dormitorios,3 baños,130 m²,2013,S/.540,Apartamento,Alquiler,Hace 1 hora - Publicado por Agentes Asociados,https://www.properati.com.pe/detalle/14032-32-8518-a39d725586b5-f89da939-81c0-45ec
Apartamento en alquiler en Lurigancho,"Lurigancho, Lima, Lima ",S/.500,2 dormitorios,1 baño,65 m²,,S/.20,Apartamento,Alquiler,"Hace 1 semana, 1 día - Publicado por Magnolia Quiñones INMOBILIARIA",https://www.properati.com.pe/detalle/14032-32-fada-50e6b4f07fd1-c6b19a3a-b5e4-421a
Apartamento en alquiler en Ur. America,"Ur. America, Miraflores, Lima, Lima ",USD700,3 dormitorios,3 baños,89 m²,2010,S/.400,Apartamento,Alquiler,"Hace 1 día, 19 horas - Publicado por SOCIOS INMOBILIARIOS",https://www.properati.com.pe/detalle/14032-32-c688-a2c18253d867-ed0b3a68-81f6-4631
Apartamento en alquiler en Ur. Aurora,"Ur. Aurora, Miraflores, Lima, Lima ","S/.3,700",3 dormitorios,3 baños,130 m²,2003,S/.550,Apartamento,Alquiler,Hace 17 horas - Publicado por Ana Maria Ore Chávez,https://www.properati.com.pe/detalle/14032-32-bf4e-a26b376a819e-c0e0b76b-bf43-4853
Apartamento en alquiler en Ur. Santa Cruz,"Ur. Santa Cruz, Miraflores, Lima, Lima ","USD1,099",2 dormitorios,2 baños,80 m²,2023,,Apartamento,Alquiler,Hace 4 horas - Publicado por RE/MAX PERÚ,https://www.properati.com.pe/detalle/14032-32-5f8d-d3aa0e5ee84-d0514e9d-bf13-42aa
Apartamento en alquiler en Ur. Oyague,"Ur. Oyague, Magdalena del Mar, Lima, Lima ","S/.2,100",3 dormitorios,2 baños,140 m²,1980,S/.250,Apartamento,Alquiler,Hace 18 horas - Publicado por Century 21 Horizonte,https://www.properati.com.pe/detalle/14032-32-de82-f60486a464c-a5e20df0-b67d-120d
Apartamento en alquiler en San Isidro,"San Isidro, Lima, Lima ",USD900,1 dormitorio,2 baños,85 m²,2015,,Apartamento,Alquiler,Hace 1 hora - Publicado por KRB Agencia Perú,https://www.properati.com.pe/detalle/14032-32-9700-b3718d8198f7-9dc6a028-adc1-4693
Apartamento en alquiler en Ur. Balta,"Ur. Balta, Miraflores, Lima, Lima ",USD950,2 dormitorios,3 baños,105 m²,2016,S/.400,Apartamento,Alquiler,Hace 2 horas - Publicado por CONFIAR Consultores Inmobiliarios Figari & Aramburú ,https://www.properati.com.pe/detalle/14032-32-df0a-2d95026b1d04-ae381d40-b668-120d
Apartamento en alquiler en Ur. Los Alamos De Monterrico Ii,"Ur. Los Alamos De Monterrico Ii, Santiago de Surco, Lima, Lima ",USD700,2 dormitorios,2 baños,105 m²,2013,S/.300,Apartamento,Alquiler,"Hace 1 semana, 7 horas - Publicado por Magnolia Quiñones INMOBILIARIA",https://www.properati.com.pe/detalle/14032-32-e3d6-5deb0f52a652-903d6569-ab35-43f2
Apartamento en alquiler en Sd. S/N,"Sd. S/N, Magdalena del Mar, Lima, Lima ","S/.3,150",3 dormitorios,2 baños,70 m²,2023,S/.270,Apartamento,Alquiler,"Hace 6 días, 18 horas - Publicado por Javier Sánchez Agente Inmobiliario",https://www.properati.com.pe/detalle/14032-32-ebc4-ba7d0f408dde-b49a0e64-9f3c-406f
Apartamento en alquiler en Ur. Monte Carmelo,"Ur. Monte Carmelo, La Victoria, Lima, Lima ","USD1,400",3 dormitorios,4 baños,216 m²,2023,,Apartamento,Alquiler,Hace 3 horas - Publicado por ASPRO asesores profesionales,https://www.properati.com.pe/detalle/14032-32-1bf1-262c54778992-9b164dde-b4d6-4225
Apartamento en alquiler en Ur. Santa Rosa,"Ur. Santa Rosa, San Isidro, Lima, Lima ","S/.3,000",3 dormitorios,3 baños,70 m²,,S/.280,Apartamento,Alquiler,"Hace 1 día, 23 horas - Publicado por KRB Agencia Perú",https://www.properati.com.pe/detalle/14032-32-354b-6d5017ed3a54-800f052b-bfd2-4e1d
Apartamento en alquiler en Ur. Udima,"Ur. Udima, Magdalena del Mar, Lima, Lima ","S/.1,600",1 dormitorio,1 baño,42 m²,,S/.120,Apartamento,Alquiler,"Hace 1 día, 6 horas - Publicado por Infinito Novantanove E.I.R.L",https://www.properati.com.pe/detalle/14032-32-987-ee9d97c9b305-5f3d171b-9bd6-4c89
Apartamento en alquiler en Ur. Santa Cruz,"Ur. Santa Cruz, Miraflores, Lima, Lima ",USD600,1 dormitorio,1 baño,56 m²,,,Apartamento,Alquiler,"Hace 1 día, 6 horas - Publicado por Century 21 Ambassador",https://www.properati.com.pe/detalle/14032-32-6529-789106110c27-762fbeb2-a5bf-3dfa
Apartamento en alquiler en Ur. Las Begonias,"Ur. Las Begonias, San Borja, Lima, Lima ","S/.2,800",2 dormitorios,2 baños,130 m²,2000,S/.1,Apartamento,Alquiler,"Hace 1 día, 18 horas - Publicado por SOCIOS INMOBILIARIOS",https://www.properati.com.pe/detalle/14032-32-b58-bd0c2e7f329e-6be1ebf1-b59f-4ab3
Apartamento en alquiler en San Isidro,"San Isidro, Lima, Lima ","USD1,350",2 dormitorios,2 baños,118 m²,2005,S/.500,Apartamento,Alquiler,"Hace 1 día, 2 horas - Publicado por KRB Agencia Perú",https://www.properati.com.pe/detalle/14032-32-682-98481d312b24-599d8ba5-b5f7-435c
Apartamento en alquiler en Ur. Leuro,"Ur. Leuro, Miraflores, Lima, Lima ",USD940,2 dormitorios,2 baños,120 m²,2018,S/.550,Apartamento,Alquiler,"Hace 1 día, 18 horas - Publicado por Rosario Rosello",https://www.properati.com.pe/detalle/14032-32-b77-d291b0b368e8-5f34c1e5-9f66-485f
Apartamento en alquiler en Ur. Confraternidad,"Ur. Confraternidad, Barranco, Lima, Lima ","S/.2,300",1 dormitorio,1 baño,43 m²,2013,S/.230,Apartamento,Alquiler,"Hace 2 semanas, 6 días - Publicado por Javier Sánchez Agente Inmobiliario",https://www.properati.com.pe/detalle/14032-32-2e3e-91e3606e26b0-7b204094-a499-4655
Apartamento en alquiler en Ur. Monte Carmelo,"Ur. Monte Carmelo, La Victoria, Lima, Lima ","USD1,500",3 dormitorios,4 baños,258 m²,2023,,Apartamento,Alquiler,Hace 3 horas - Publicado por ASPRO asesores profesionales,https://www.properati.com.pe/detalle/14032-32-65b4-66901c3e28d2-51ae843f-a524-4b87
Apartamento en alquiler en Ur. San Isidro,"Ur. San Isidro, San Isidro, Lima, Lima ",USD600,1 dormitorio,1 baño,50 m²,1995,S/.143,Apartamento,Alquiler,Hace 5 horas - Publicado por Proyectum  Perú,https://www.properati.com.pe/detalle/14032-32-cf78-9da396172c13-488bdc4a-a957-46be
Apartamento en alquiler en Los Olivos,"Los Olivos, Lima, Lima ","S/.1,500",3 dormitorios,2 baños,120 m²,2005,,Apartamento,Alquiler,Hace 6 horas - Publicado por joresco real estate,https://www.properati.com.pe/detalle/14032-32-dee6-61b62827f48e-3415ace0-abf8-120d
Apartamento en alquiler en Ur. Los Recaudadores,"Ur. Los Recaudadores, Ate, Lima, Lima ","S/.2,200",3 dormitorios,2 baños,85 m²,2000,S/.150,Apartamento,Alquiler,23 mar. 2023 - Publicado por Javier Sánchez Agente Inmobiliario,https://www.properati.com.pe/detalle/14032-32-1cbe-bc6010987191-2cfde5d3-83da-4d65
Apartamento en alquiler en Ur. Aurora,"Ur. Aurora, Miraflores, Lima, Lima ","USD1,300",3 dormitorios,4 baños,228 m²,2014,S/.620,Apartamento,Alquiler,Hace 1 día - Publicado por Global Ceo Net Inmobiliaria,https://www.properati.com.pe/detalle/14032-32-8d80-ca7b835a28de-261c2c64-8cad-4e97
Apartamento en alquiler en Ur. Orbea,"Ur. Orbea, Magdalena del Mar, Lima, Lima ","S/.3,000",3 dormitorios,2 baños,89 m²,2014,,Apartamento,Alquiler,"Hace 1 día, 5 horas - Publicado por REMAX FAMILY",https://www.properati.com.pe/detalle/14032-32-7d22-c4aaaa2bbe1f-31b9f193-a4f7-4acf
Apartamento en alquiler en Ur. Jorge Chavez,"Ur. Jorge Chavez, Surquillo, Lima, Lima ","S/.2,300",3 dormitorios,2 baños,81 m²,2011,S/.260,Apartamento,Alquiler,"Hace 1 día, 6 horas - Publicado por Century 21 Horizonte",https://www.properati.com.pe/detalle/14032-32-a193-d0793ffe4a08-361818ac-b031-4ab9
Apartamento en alquiler en Sd. S/N,"Sd. S/N, Magdalena del Mar, Lima, Lima ",USD990,3 dormitorios,3 baños,106 m²,2022,S/.470,Apartamento,Alquiler,1 mar. 2023 - Publicado por Javier Sánchez Agente Inmobiliario,https://www.properati.com.pe/detalle/14032-32-6e07-f27f9f70a6ed-1eb11940-926c-40a6
Apartamento en alquiler en Ur. San Antonio,"Ur. San Antonio, Miraflores, Lima, Lima ","USD1,350",3 dormitorios,3 baños,202 m²,2009,S/.490,Apartamento,Alquiler,"Hace 1 día, 4 horas - Publicado por HABITALE BIENES RAICES",https://www.properati.com.pe/detalle/14032-32-9ff3-ce5e76c79581-1ee20465-af64-48cc
Apartamento en alquiler en Ba. S/N,"Ba. S/N, Rimac, Lima, Lima ","USD1,200",1 dormitorio,2 baños,134 m²,,S/.650,Apartamento,Alquiler,"Hace 4 días, 9 horas - Publicado por KRB Agencia Perú",https://www.properati.com.pe/detalle/14032-32-e243-fa558c79236d-1d09f077-a2ae-49d1
Apartamento en alquiler en Ur. Maranga Etapa Iii,"Ur. Maranga Etapa Iii, San Miguel, Lima, Lima ","S/.1,600",2 dormitorios,1 baño,100 m²,2000,S/.1,Apartamento,Alquiler,"Hace 1 día, 1 hora - Publicado por Navega Inmobiliaria",https://www.properati.com.pe/detalle/14032-32-ed47-7db6a05efb99-19bfd252-8bad-4e87
Apartamento en alquiler en Ah. Las Casuarinas De Collique,"Ah. Las Casuarinas De Collique, Comas, Lima, Lima ","S/.1,000",3 dormitorios,2 baños,58 m²,2021,,Apartamento,Alquiler,Hace 9 horas - Publicado por Remax Integrity,https://www.properati.com.pe/detalle/14032-32-be12-5b270408187b-18cc9219-95c1-47ae
Apartamento en alquiler en Ur. Residencial El Rosal,"Ur. Residencial El Rosal, Santiago de Surco, Lima, Lima ",USD920,3 dormitorios,3 baños,126 m²,2019,S/.500,Apartamento,Alquiler,Hace 7 horas - Publicado por CASA VIP-CARLA ROSEMBERG,https://www.properati.com.pe/detalle/14032-32-3e4-8e360524f407-18b1d2ec-9934-4331
Apartamento en alquiler en Santiago de Surco,"Santiago de Surco, Lima, Lima ",USD680,3 dormitorios,2 baños,100 m²,,S/.236,Apartamento,Alquiler,20 ene. 2023 - Publicado por Zoila Loyola,https://www.properati.com.pe/detalle/14032-32-19e7-373cf3c72a6-217bde68-abe6-4c16
Apartamento en alquiler en Ur. Santa Cruz,"Ur. Santa Cruz, Miraflores, Lima, Lima ",USD990,1 dormitorio,3 baños,102 m²,2019,S/.380,Apartamento,Alquiler,"Hace 1 día, 9 horas - Publicado por SOCIOS INMOBILIARIOS",https://www.properati.com.pe/detalle/14032-32-3972-d3764fd50aef-18593f76-9b9c-4b00
Apartamento en alquiler en Miraflores,"Miraflores, Lima, Lima ",USD800,3 dormitorios,3 baños,92 m²,,S/.270,Apartamento,Alquiler,"Hace 1 día, 6 horas - Publicado por SOCIOS INMOBILIARIOS",https://www.properati.com.pe/detalle/14032-32-b7f1-c7bf1b16d96b-e121746-9a5f-4d52
Apartamento en alquiler en Hu. Cercado De Miraflores,"Hu. Cercado De Miraflores, Miraflores, Lima, Lima ","S/.2,400",2 dormitorios,2 baños,78 m²,1983,,Apartamento,Alquiler,"Hace 3 días, 2 horas - Publicado por Olga esmeralda Rey Flores",https://www.properati.com.pe/detalle/14032-32-9588-5ae3e62d5c05-fe48ad74-9308-4b3d
Apartamento en alquiler en Ur. San Eugenio,"Ur. San Eugenio, Lince, Lima, Lima ","S/.2,600",1 dormitorio,1 baño,70 m²,2019,S/.300,Apartamento,Alquiler,"Hace 1 día, 5 horas - Publicado por Carola Aguilar",https://www.properati.com.pe/detalle/14032-32-182e-aaa17d5de265-137a8709-a383-4c73
Apartamento en alquiler en Ur. Los Jazmines,"Ur. Los Jazmines, Santiago de Surco, Lima, Lima ",USD600,1 dormitorio,1 baño,60 m²,,S/.160,Apartamento,Alquiler,Hace 3 días - Publicado por Fiorella Saldarriaga,https://www.properati.com.pe/detalle/14032-32-1023-6c87af383539-ee4faa81-8551-48d1
Apartamento en alquiler en Ur. Miramar,"Ur. Miramar, San Miguel, Lima, Lima ","S/.1,700",3 dormitorios,2 baños,70 m²,,S/.85,Apartamento,Alquiler,"Hace 2 días, 20 horas - Publicado por Acceso Bienes Raices",https://www.properati.com.pe/detalle/14032-32-dce3-45a88e9a9ac2-e466d010-b704-120d
Apartamento en alquiler en Hu. Cercado De Miraflores,"Hu. Cercado De Miraflores, Miraflores, Lima, Lima ",USD850,2 dormitorios,3 baños,84 m²,2015,S/.317,Apartamento,Alquiler,"Hace 2 días, 20 horas - Publicado por SOCIOS INMOBILIARIOS",https://www.properati.com.pe/detalle/14032-32-e369-1bd90cad45c2-dca51e45-b277-48fc
Apartamento en alquiler en Ur. Santa Rosa,"Ur. Santa Rosa, San Isidro, Lima, Lima ","USD1,000",4 dormitorios,4 baños,147 m²,,,Apartamento,Alquiler,"Hace 2 días, 22 horas - Publicado por RealWasi Inmobiliaria",https://www.properati.com.pe/detalle/14032-32-dccb-33903b59aae6-d7961930-a459-120d
Apartamento en alquiler en Ur. Country Club,"Ur. Country Club, San Isidro, Lima, Lima ","USD1,400",2 dormitorios,2 baños,150 m²,,S/.650,Apartamento,Alquiler,"Hace 1 día, 22 horas - Publicado por SOCIOS INMOBILIARIOS",https://www.properati.com.pe/detalle/14032-32-41f3-8e0b7feab1e1-d05b3071-b49a-4a38
Apartamento en alquiler en Ur. San Felipe,"Ur. San Felipe, Jesús María, Lima, Lima ","S/.2,300",3 dormitorios,2 baños,76 m²,2016,S/.140,Apartamento,Alquiler,"Hace 1 día, 23 horas - Publicado por CBR GRUPO INMOBILIARIO S.A.C.",https://www.properati.com.pe/detalle/14032-32-31ee-bf04ba3051a0-a0b196b1-a562-4cb6
Apartamento en alquiler en Miraflores,"Miraflores, Lima, Lima ","USD1,200",3 dormitorios,2 baños,140 m²,2005,,Apartamento,Alquiler,"Hace 4 días, 5 horas - Publicado por RE/MAX Principal pe",https://www.properati.com.pe/detalle/14032-32-738-76e177df3cdd-bcc72e08-9b9e-4210
Apartamento en alquiler en Ur. Maranga Etapa Vi,"Ur. Maranga Etapa Vi, San Miguel, Lima, Lima ","S/.2,500",2 dormitorios,2 baños,124 m²,1966,,Apartamento,Alquiler,"Hace 4 días, 5 horas - Publicado por REMAX FAMILY",https://www.properati.com.pe/detalle/14032-32-6d97-a3e8bc6ea16e-b0fad95e-99dc-4f8c
Apartamento en alquiler en Ur. Chacarilla Santa Cruz,"Ur. Chacarilla Santa Cruz, San Isidro, Lima, Lima ",USD510,1 dormitorio,1 baño,55 m²,2022,,Apartamento,Alquiler,28 feb. 2023 - Publicado por SOCIOS INMOBILIARIOS,https://www.properati.com.pe/detalle/14032-32-3519-7da18e9db76c-950dc6a6-96bb-4320
Apartamento en alquiler en Ur. Los Cipreses,"Ur. Los Cipreses, Lima, Lima, Lima ","S/.1,000",1 dormitorio,1 baño,40 m²,2003,S/.90,Apartamento,Alquiler,"Hace 2 días, 14 horas - Publicado por SOCIOS INMOBILIARIOS",https://www.properati.com.pe/detalle/14032-32-dcc3-76bdd651460f-841fe7d3-b69b-4392
Apartamento en alquiler en Ur. Chacarilla Santa Cruz Zona Santa Isabel B,"Ur. Chacarilla Santa Cruz Zona Santa Isabel B, San Isidro, Lima, Lima ","USD2,200",3 dormitorios,2 baños,285 m²,2002,"S/.1,148",Apartamento,Alquiler,"Hace 2 días, 3 horas - Publicado por Verónica Arosemena",https://www.properati.com.pe/detalle/14032-32-cf7a-f747d6974dd2-7feaa5c9-aade-46dc
Apartamento en alquiler en Ur. Villa Del Norte,"Ur. Villa Del Norte, Los Olivos, Lima, Lima ","S/.1,400",3 dormitorios,1 baño,140 m²,,,Apartamento,Alquiler,"Hace 2 días, 22 horas - Publicado por RealWasi Inmobiliaria",https://www.properati.com.pe/detalle/14032-32-dccc-fb406915a75f-81be9590-bdca-120d
Apartamento en alquiler en Ur. Lobaton,"Ur. Lobaton, Lince, Lima, Lima ",USD800,3 dormitorios,4 baños,100 m²,2018,,Apartamento,Alquiler,23 mar. 2023 - Publicado por Remax Plaza,https://www.properati.com.pe/detalle/14032-32-4360-752796355306-797ae944-84b6-4e77
Apartamento en alquiler en Ur. Armendariz,"Ur. Armendariz, Miraflores, Lima, Lima ",USD930,3 dormitorios,2 baños,100 m²,2010,S/.320,Apartamento,Alquiler,"Hace 3 días, 1 hora - Publicado por Manuel Villarreal Perez",https://www.properati.com.pe/detalle/14032-32-2704-f114e5191927-69300f0a-be30-4073
Apartamento en alquiler en Ur. San Felipe,"Ur. San Felipe, Magdalena del Mar, Lima, Lima ","S/.3,200",3 dormitorios,3 baños,85 m²,2010,S/.280,Apartamento,Alquiler,"Hace 2 días, 17 horas - Publicado por INMOBILIARIA INTERNACIONAL DEL PERU",https://www.properati.com.pe/detalle/14032-32-39b-b8a952ef5e22-6e2f292f-b147-4822
Apartamento en alquiler en Ur. Santo Tomas,"Ur. Santo Tomas, San Borja, Lima, Lima ",USD900,3 dormitorios,3 baños,117 m²,2017,S/.300,Apartamento,Alquiler,"Hace 2 días, 2 horas - Publicado por Proyectum  Perú",https://www.properati.com.pe/detalle/14032-32-a43d-2e248c910cc-75eb8d9b-88cb-470d
Apartamento en alquiler en Ur. Country Club,"Ur. Country Club, San Isidro, Lima, Lima ","USD1,350",3 dormitorios,3 baños,150 m²,2005,S/.530,Apartamento,Alquiler,"Hace 2 días, 4 horas - Publicado por SUCASA GRUPO INMOBILIARIO",https://www.properati.com.pe/detalle/14032-32-57ee-57b00f8da2ac-6e0f87c4-a13f-47a2
Apartamento en alquiler en Ur. La Campiña,"Ur. La Campiña, Chorrillos, Lima, Lima ","S/.1,750",3 dormitorios,2 baños,72 m²,2018,,Apartamento,Alquiler,Hace 2 días - Publicado por REMAX FAMILY,https://www.properati.com.pe/detalle/14032-32-7c15-9ce1c7cd6ec1-714ebf7c-b24c-41d3
Apartamento en alquiler en Ur. Santa Rosa,"Ur. Santa Rosa, San Isidro, Lima, Lima ",USD950,1 dormitorio,2 baños,70 m²,2009,S/.300,Apartamento,Alquiler,"Hace 2 días, 4 horas - Publicado por Corretaje Pelusa",https://www.properati.com.pe/detalle/14032-32-6f61-ea084ca774b0-562964f9-881f-4569
Apartamento en alquiler en Ur. La Encantada,"Ur. La Encantada, Chorrillos, Lima, Lima ",USD700,2 dormitorios,2 baños,70 m²,2016,,Apartamento,Alquiler,12 mar. 2023 - Publicado por HABITALE BIENES RAICES,https://www.properati.com.pe/detalle/14032-32-c124-219a0c9f65f9-65612a70-80f5-120d
Apartamento en alquiler en Ur. Armendariz,"Ur. Armendariz, Miraflores, Lima, Lima ",USD950,3 dormitorios,3 baños,180 m²,1983,S/.450,Apartamento,Alquiler,Hace 2 días - Publicado por KRB Agencia Perú,https://www.properati.com.pe/detalle/14032-32-ae0a-93af099556a3-5340ad5b-b68c-4891
Apartamento en alquiler en Ur. Risso,"Ur. Risso, Lince, Lima, Lima ","S/.2,600",1 dormitorio,2 baños,60 m²,,S/.330,Apartamento,Alquiler,Hace 2 días - Publicado por KRB Agencia Perú,https://www.properati.com.pe/detalle/14032-32-18f5-9866cb5c4148-4615cdf5-9a34-4656
Apartamento en alquiler en Ur. Balta,"Ur. Balta, Miraflores, Lima, Lima ",USD850,2 dormitorios,2 baños,84 m²,2012,S/.400,Apartamento,Alquiler,"Hace 2 días, 1 hora - Publicado por Intermediación Inmobiliaria – CHS",https://www.properati.com.pe/detalle/14032-32-fb0c-a754f883812a-3094fa58-8746-4ecb
Apartamento en alquiler en San Martín de Porres,"San Martín de Porres, Lima, Lima ",S/.750,2 dormitorios,1 baño,60 m²,,,Apartamento,Alquiler,"Hace 2 días, 23 horas - Publicado por RealWasi Inmobiliaria",https://www.properati.com.pe/detalle/14032-32-dccb-8f6bac6daaa8-3480d4b0-8b2d-120d
Apartamento en alquiler en Ur. Las Gardenias,"Ur. Las Gardenias, Santiago de Surco, Lima, Lima ","S/.2,350",2 dormitorios,2 baños,50 m²,,S/.230,Apartamento,Alquiler,"Hace 3 días, 2 horas - Publicado por Fiorella Saldarriaga",https://www.properati.com.pe/detalle/14032-32-dcab-63cb2fb9d93c-4fbec2c0-b78f-120d
Apartamento en alquiler en Santa Cruz,"Santa Cruz, Urb Santa Cruz, Provincia de Lima, Provincia de Lima ","USD1,500",3 dormitorios,2 baños,115 m²,2008,S/.900,Apartamento,Alquiler,6 oct. 2022 - Publicado por HABITALE BIENES RAICES,https://www.properati.com.pe/detalle/14032-32-6d61-cee736aea1bb-3818e47d-a30f-4dd1
Apartamento en alquiler en Santiago de Surco,"Santiago de Surco, Lima, Lima ","USD1,550",3 dormitorios,3 baños,217 m²,,,Apartamento,Alquiler,"Hace 2 semanas, 1 día - Publicado por GARRIDO SECLEN RICARDY BUENAVENTURA",https://www.properati.com.pe/detalle/14032-32-d310-5da6e15e3d6a-2c461db0-be98-120d
Apartamento en alquiler en Ur. Los Patricios (San Felipe),"Ur. Los Patricios (San Felipe), Jesús María, Lima, Lima ",USD800,3 dormitorios,2 baños,76 m²,2005,S/.268,Apartamento,Alquiler,28 feb. 2023 - Publicado por HABITALE BIENES RAICES,https://www.properati.com.pe/detalle/14032-32-998c-974062cc4d8a-2245523a-95d2-414d
Apartamento en alquiler en Pj. Huascaran,"Pj. Huascaran, Rimac, Lima, Lima ","S/.1,400",3 dormitorios,1 baño,81 m²,2023,,Apartamento,Alquiler,"Hace 2 días, 5 horas - Publicado por REMAX FAMILY",https://www.properati.com.pe/detalle/14032-32-7512-1e4069216b21-26bc067e-b9d6-4d32
Apartamento en alquiler en Ur. Club Golf De Los Incas,"Ur. Club Golf De Los Incas, Santiago de Surco, Lima, Lima ","USD1,200",3 dormitorios,3 baños,230 m²,2012,S/.500,Apartamento,Alquiler,"Hace 2 días, 4 horas - Publicado por CONFIAR Consultores Inmobiliarios Figari & Aramburú ",https://www.properati.com.pe/detalle/14032-32-a059-a8ca4d48878-d3de482-85bb-4409
Apartamento en alquiler en Ur. Leuro,"Ur. Leuro, Miraflores, Lima, Lima ","USD1,300",1 dormitorio,2 baños,105 m²,2016,S/.600,Apartamento,Alquiler,"Hace 3 días, 2 horas - Publicado por Olga esmeralda Rey Flores",https://www.properati.com.pe/detalle/14032-32-e640-bef84ba3d548-1ee031d5-b5bf-4b08
Apartamento en alquiler en Chorrillos,"Chorrillos, Lima, Lima ","S/.1,800",3 dormitorios,2 baños,80 m²,,,Apartamento,Alquiler,"Hace 2 días, 22 horas - Publicado por RealWasi Inmobiliaria",https://www.properati.com.pe/detalle/14032-32-dccc-c194ae21ac89-2f5245e0-9642-120d
Apartamento en alquiler en Jesús María,"Jesús María, Lima, Lima ","S/.2,500",3 dormitorios,2 baños,75 m²,2021,S/.300,Apartamento,Alquiler,"Hace 4 días, 4 horas - Publicado por RE/MAX Principal pe",https://www.properati.com.pe/detalle/14032-32-1a6c-43ab4139a731-5d99686-86d8-49e4
Apartamento en alquiler en Ur. San Miguel,"Ur. San Miguel, San Miguel, Lima, Lima ","S/.2,700",3 dormitorios,2 baños,90 m²,2005,S/.180,Apartamento,Alquiler,"Hace 3 días, 1 hora - Publicado por Inmuebles Leyla",https://www.properati.com.pe/detalle/14032-32-7cd9-99c3c4598037-9e802d3-b1e8-421a
Apartamento en alquiler en Ur. Jacaranda,"Ur. Jacaranda, San Borja, Lima, Lima ","S/.2,800",2 dormitorios,1 baño,80 m²,2019,S/.280,Apartamento,Alquiler,16 feb. 2023 - Publicado por Faure Cruz,https://www.properati.com.pe/detalle/14032-32-2095-4915e395f2bf-f52b4ebc-b074-4a17
Apartamento en alquiler en Ag. Angamos,"Ag. Angamos, Jesús María, Lima, Lima ","USD1,300",6 dormitorios,3 baños,238 m²,1993,,Apartamento,Alquiler,"Hace 3 días, 8 horas - Publicado por Gustavo Jhonatan Santillan Chaupis",https://www.properati.com.pe/detalle/14032-32-dc7b-fd4c3bba2587-ace72d0-92c0-120d
Apartamento en alquiler en Santiago de Surco,"Santiago de Surco, Lima, Lima ","S/.1,700",3 dormitorios,2 baños,50 m²,1998,S/.100,Apartamento,Alquiler,"Hace 6 días, 7 horas - Publicado por JORGE ERNESTO SALAS GONZALES",https://www.properati.com.pe/detalle/14032-32-ef52-93be0575c29-ec70b2a1-b4f8-419d
Apartamento en alquiler en Ur. Confraternidad,"Ur. Confraternidad, Barranco, Lima, Lima ","USD2,000",3 dormitorios,2 baños,197 m²,2013,S/.880,Apartamento,Alquiler,"Hace 6 días, 8 horas - Publicado por SANDRA USQUIANO",https://www.properati.com.pe/detalle/14032-32-5601-688a962954fa-ed8f979a-939b-436c
Apartamento en alquiler en Ur. La Calera De La Merced,"Ur. La Calera De La Merced, Surquillo, Lima, Lima ","S/.1,800",2 dormitorios,1 baño,70 m²,,S/.280,Apartamento,Alquiler,"Hace 5 días, 16 horas - Publicado por Agentes Asociados",https://www.properati.com.pe/detalle/14032-32-3f7e-c5d6ab5e3884-f2382ad6-9e80-4c36
Apartamento en alquiler en Ur. Cerros De Camacho,"Ur. Cerros De Camacho, Santiago de Surco, Lima, Lima ","USD1,000",2 dormitorios,1 baño,109 m²,2001,S/.380,Apartamento,Alquiler,"Hace 5 días, 19 horas - Publicado por Carola Aguilar",https://www.properati.com.pe/detalle/14032-32-1d8b-588de38f4728-d3e07f96-805f-45e4
Apartamento en alquiler en Ur. Ampliacion San Isidro,"Ur. Ampliacion San Isidro, San Isidro, Lima, Lima ","USD1,800",3 dormitorios,2 baños,180 m²,2000,S/.748,Apartamento,Alquiler,28 mar. 2023 - Publicado por Inmobiliaria Casella,https://www.properati.com.pe/detalle/14032-32-96dc-daaf191a488e-ce6ab3db-92f6-4511
Apartamento en alquiler en Hu. Feria Internacional Del Pacifico,"Hu. Feria Internacional Del Pacifico, San Miguel, Lima, Lima ","S/.1,800",3 dormitorios,2 baños,85 m²,2010,S/.250,Apartamento,Alquiler,"Hace 5 días, 22 horas - Publicado por Encontré tu Hogar",https://www.properati.com.pe/detalle/14032-32-da72-5193312141c5-dc344580-be17-120d
Apartamento en alquiler en Ur. La Calera De La Merced,"Ur. La Calera De La Merced, Surquillo, Lima, Lima ","S/.1,600",1 dormitorio,1 baño,65 m²,,S/.280,Apartamento,Alquiler,"Hace 5 días, 16 horas - Publicado por Agentes Asociados",https://www.properati.com.pe/detalle/14032-32-a8d6-7b429a332f52-de4dea4e-a638-44f5
Apartamento en alquiler en Ur. Miramar,"Ur. Miramar, San Miguel, Lima, Lima ","S/.1,500",3 dormitorios,1 baño,60 m²,2005,S/.100,Apartamento,Alquiler,"Hace 6 días, 17 horas - Publicado por RE/MAX PERÚ",https://www.properati.com.pe/detalle/14032-32-3a06-d9bf5eea00b0-e9d37d26-8118-4ac7
Apartamento en alquiler en Ur. Pedregal De Higuereta(San Atanacio De Pedregal),"Ur. Pedregal De Higuereta(San Atanacio De Pedregal), Surquillo, Lima, Lima ","S/.2,300",2 dormitorios,2 baños,70 m²,2023,S/.170,Apartamento,Alquiler,"Hace 6 días, 2 horas - Publicado por Gustavo Jhonatan Santillan Chaupis",https://www.properati.com.pe/detalle/14032-32-b1e6-e1507a79f0ab-cd6e419d-8758-4fe3
Apartamento en alquiler en Ur. Santa Cruz,"Ur. Santa Cruz, Miraflores, Lima, Lima ","USD2,000",3 dormitorios,2 baños,175 m²,2004,S/.840,Apartamento,Alquiler,7 mar. 2023 - Publicado por Inmobiliaria Casella,https://www.properati.com.pe/detalle/14032-32-2bc6-fc3f3e5d3608-c891cf7e-be22-46fd
Apartamento en alquiler en Ur. Libertad,"Ur. Libertad, San Miguel, Lima, Lima ","S/.1,800",2 dormitorios,2 baños,59 m²,2019,S/.180,Apartamento,Alquiler,"Hace 5 días, 1 hora - Publicado por SUCASA GRUPO INMOBILIARIO",https://www.properati.com.pe/detalle/14032-32-538d-be69a22ed869-c503ce01-bf78-487c
Apartamento en alquiler en Ur. San Idelfonso Del Vivero,"Ur. San Idelfonso Del Vivero, Santiago de Surco, Lima, Lima ","USD1,100",3 dormitorios,2 baños,118 m²,2009,S/.450,Apartamento,Alquiler,3 mar. 2023 - Publicado por Inmobiliaria Casella,https://www.properati.com.pe/detalle/14032-32-553e-817f41e9ed86-a212aceb-bc48-435c
Apartamento en alquiler en Ur. San Eugenio,"Ur. San Eugenio, Lince, Lima, Lima ","S/.2,100",1 dormitorio,1 baño,53 m²,2023,,Apartamento,Alquiler,"Hace 5 días, 19 horas - Publicado por RE/MAX POWER EXPO",https://www.properati.com.pe/detalle/14032-32-f610-be4870f99d59-cc626831-9512-459d
Apartamento en alquiler en Re. Monterrico Ampliacion,"Re. Monterrico Ampliacion, La Molina, Lima, Lima ","S/.2,900",3 dormitorios,2 baños,118 m²,2017,,Apartamento,Alquiler,"Hace 5 días, 4 horas - Publicado por Remax Integrity",https://www.properati.com.pe/detalle/14032-32-1818-1b0c64f286f1-b61c3751-8350-471d
Apartamento en alquiler en Ur. America,"Ur. America, Miraflores, Lima, Lima ","USD1,050",2 dormitorios,2 baños,90 m²,2016,S/.405,Apartamento,Alquiler,"Hace 5 días, 3 horas - Publicado por Corretaje Pelusa",https://www.properati.com.pe/detalle/14032-32-ff1b-d814775e8d4f-9d8db6ae-9df8-4800
Apartamento en alquiler en San Borja,"San Borja, Lima, Lima ","S/.1,800",1 dormitorio,1 baño,40 m²,2000,S/.150,Apartamento,Alquiler,17 ene. 2023 - Publicado por Inmobiliaria Casella,https://www.properati.com.pe/detalle/14032-32-8c44-90d6afce9b0c-95eba45f-8961-4849
Apartamento en alquiler en Ur. Maranga Etapa Iv,"Ur. Maranga Etapa Iv, San Miguel, Lima, Lima ","S/.1,600",2 dormitorios,1 baño,90 m²,2020,S/.100,Apartamento,Alquiler,"Hace 6 días, 14 horas - Publicado por Silvia Lara - REALTY",https://www.properati.com.pe/detalle/14032-32-fec7-9bcda504b860-944b4897-bcae-5003
Apartamento en alquiler en Co. Vipol El Alamo,"Co. Vipol El Alamo, Comas, Lima, Lima ","S/.1,000",3 dormitorios,1 baño,61 m²,2022,,Apartamento,Alquiler,13 mar. 2023 - Publicado por Remax Integrity,https://www.properati.com.pe/detalle/14032-32-5352-f26a72186595-99024ab6-8b08-4ad7
Apartamento en alquiler en Ur. La Viñita,"Ur. La Viñita, Barranco, Lima, Lima ","USD1,000",2 dormitorios,2 baños,78 m²,2019,S/.420,Apartamento,Alquiler,"Hace 6 días, 4 horas - Publicado por Roxana Elvira Lazarte Alatrista",https://www.properati.com.pe/detalle/14032-32-d555-6e98f769c56c-906a65f1-937c-4562
Apartamento en alquiler en Ur. Chacarilla Del Estanque,"Ur. Chacarilla Del Estanque, San Borja, Lima, Lima ","USD1,000",3 dormitorios,2 baños,165 m²,2008,S/.500,Apartamento,Alquiler,"Hace 6 días, 17 horas - Publicado por Inmobiliaria Casella",https://www.properati.com.pe/detalle/14032-32-422a-f6a32ed23ada-8bc88728-a919-4943
Apartamento en alquiler en Ur. San Borja,"Ur. San Borja, San Borja, Lima, Lima ",USD950,2 dormitorios,3 baños,92 m²,2021,S/.328,Apartamento,Alquiler,"Hace 5 días, 20 horas - Publicado por GRUPO JCTP INMOBILIARIO SAC",https://www.properati.com.pe/detalle/14032-32-6e96-6b8cc4981401-90c7611a-974f-4435
Apartamento en alquiler en Ur. La Viñita,"Ur. La Viñita, Barranco, Lima, Lima ",USD549,1 dormitorio,1 baño,43 m²,2020,,Apartamento,Alquiler,"Hace 5 días, 6 horas - Publicado por RE/MAX PERÚ",https://www.properati.com.pe/detalle/14032-32-77e6-f39562342426-91af10e0-9743-4436
Apartamento en alquiler en Hu. Feria Internacional Del Pacifico,"Hu. Feria Internacional Del Pacifico, San Miguel, Lima, Lima ","S/.2,000",3 dormitorios,3 baños,78 m²,2013,S/.200,Apartamento,Alquiler,"Hace 5 días, 2 horas - Publicado por Matayoshi Inmobiliaria",https://www.properati.com.pe/detalle/14032-32-db6f-4e03c28e714d-8a5ba3f1-9eea-4c23
Apartamento en alquiler en Ur. Monterrico Norte,"Ur. Monterrico Norte, San Borja, Lima, Lima ","USD210,000",3 dormitorios,3 baños,122 m²,2008,S/.300,Apartamento,Alquiler,"Hace 4 días, 20 horas - Publicado por Luis Joya Inmobiliaria",https://www.properati.com.pe/detalle/14032-32-db4e-a1cc8d5c0a18-7d6939c0-a97d-120d
Apartamento en alquiler en Ur. Orrantia Del Mar,"Ur. Orrantia Del Mar, San Isidro, Lima, Lima ",USD950,3 dormitorios,2 baños,100 m²,2006,S/.400,Apartamento,Alquiler,26 ene. 2023 - Publicado por Inmobiliaria Casella,https://www.properati.com.pe/detalle/14032-32-5e28-996bb85253b2-886857fc-8eac-4d5c
Apartamento en alquiler en Monterrico Norte,"Monterrico Norte, San Borja, Lima, Lima ","S/.1,400",2 dormitorios,1 baño,70 m²,,,Apartamento,Alquiler,"Hace 5 días, 21 horas - Publicado por Ikasa Inmobiliaria",https://www.properati.com.pe/detalle/14032-32-352b-41a424385896-7cc597fe-9eba-4ea7
Apartamento en alquiler en Ur. Orbea,"Ur. Orbea, Magdalena del Mar, Lima, Lima ",S/.240,2 dormitorios,2 baños,66 m²,2022,,Apartamento,Alquiler,"Hace 4 días, 17 horas - Publicado por SOCIOS INMOBILIARIOS",https://www.properati.com.pe/detalle/14032-32-aee6-fbf15e94e774-6a45cd40-9b35-47b7
Apartamento en alquiler en Ur. Capitan De Navio Luis German Astete,"Ur. Capitan De Navio Luis German Astete, San Miguel, Lima, Lima ","S/.2,200",3 dormitorios,2 baños,110 m²,2008,S/.200,Apartamento,Alquiler,"Hace 6 días, 3 horas - Publicado por Top House Perú Inmobiliaria",https://www.properati.com.pe/detalle/14032-32-4617-a7ccaed7dc21-671669b5-9f87-44bc
Apartamento en alquiler en Ur. Leuro,"Ur. Leuro, Miraflores, Lima, Lima ",USD700,1 dormitorio,1 baño,72 m²,2007,S/.260,Apartamento,Alquiler,"Hace 4 días, 7 horas - Publicado por joresco real estate",https://www.properati.com.pe/detalle/14032-32-dbb7-efca0fbaf387-793897b0-86fc-120d
Apartamento en alquiler en Ur. Balta,"Ur. Balta, Miraflores, Lima, Lima ",USD750,3 dormitorios,2 baños,80 m²,2012,S/.250,Apartamento,Alquiler,"Hace 6 días, 20 horas - Publicado por Corretajes Inmobiliarios Matessa SAC",https://www.properati.com.pe/detalle/14032-32-4746-1a48b3346b12-78f63cd0-a7fe-4604
Apartamento en alquiler en Santiago de Surco,"Santiago de Surco, Lima, Lima ","S/.1,300",1 dormitorio,1 baño,35 m²,2003,S/.1,Apartamento,Alquiler,20 feb. 2023 - Publicado por Inmobiliaria Casella,https://www.properati.com.pe/detalle/14032-32-7a6-e65427b53c33-63909916-95c5-492d
Apartamento en alquiler en Los Olivos,"Los Olivos, Lima, Lima ","S/.1,100",3 dormitorios,2 baños,80 m²,,,Apartamento,Alquiler,"Hace 5 días, 20 horas - Publicado por RealWasi Inmobiliaria",https://www.properati.com.pe/detalle/14032-32-da81-f13c134ffcc3-5dbc0760-91a3-120d
Apartamento en alquiler en Ur. Barboncito,"Ur. Barboncito, Miraflores, Lima, Lima ",USD870,2 dormitorios,2 baños,81 m²,2018,S/.450,Apartamento,Alquiler,"Hace 6 días, 4 horas - Publicado por Lien Hub Inmobiliario",https://www.properati.com.pe/detalle/14032-32-2731-a9874421399a-5f8458d8-92a2-4eaa
Apartamento en alquiler en Ur. Orrantia,"Ur. Orrantia, San Isidro, Lima, Lima ","USD1,150",3 dormitorios,4 baños,135 m²,2014,S/.520,Apartamento,Alquiler,25 feb. 2023 - Publicado por Lady Montes de Oca,https://www.properati.com.pe/detalle/14032-32-205b-cd0ee430d35d-3ba16fcb-b37a-458a
Apartamento en alquiler en Jesús María,"Jesús María, Lima, Lima ",USD665,2 dormitorios,2 baños,80 m²,,,Apartamento,Alquiler,"Hace 5 días, 17 horas - Publicado por REMAX FUTURA",https://www.properati.com.pe/detalle/14032-32-6095-377f70ab7331-3a8eb782-8288-4203
Apartamento en alquiler en Ur. Santa Beatriz,"Ur. Santa Beatriz, Jesús María, Lima, Lima ","S/.1,100",1 dormitorio,1 baño,40 m²,,,Apartamento,Alquiler,"Hace 6 días, 1 hora - Publicado por Ikasa Inmobiliaria",https://www.properati.com.pe/detalle/14032-32-241c-f37fde555b4a-35b2a613-a935-413e
Apartamento en alquiler en Ur. San Eugenio,"Ur. San Eugenio, Lince, Lima, Lima ","S/.1,100",1 dormitorio,1 baño,40 m²,,,Apartamento,Alquiler,"Hace 6 días, 1 hora - Publicado por Ikasa Inmobiliaria",https://www.properati.com.pe/detalle/14032-32-c8f-9fbe5ace53cf-37f48689-89a1-406e
Apartamento en alquiler en Lince,"Lince, Lima, Lima ",USD700,1 dormitorio,1 baño,50 m²,,S/.200,Apartamento,Alquiler,"Hace 5 días, 19 horas - Publicado por KRB Agencia Perú",https://www.properati.com.pe/detalle/14032-32-f9a1-59304cbc4abd-2ea29ec4-ae54-4bf1
Apartamento en alquiler en Ur. Azcona,"Ur. Azcona, Breña, Lima, Lima ","S/.1,650",2 dormitorios,2 baños,64 m²,2022,S/.140,Apartamento,Alquiler,"Hace 4 días, 16 horas - Publicado por RE/MAX PERÚ",https://www.properati.com.pe/detalle/14032-32-e19a-a056c8562c09-2a7d81bb-a4df-4cfb
Apartamento en alquiler en Ur. Santa Beatriz,"Ur. Santa Beatriz, Jesús María, Lima, Lima ","S/.1,100",2 dormitorios,1 baño,70 m²,,,Apartamento,Alquiler,Hace 6 días - Publicado por Ikasa Inmobiliaria,https://www.properati.com.pe/detalle/14032-32-ddc9-3aa23d259d44-1235170e-8c9e-4ef7
Apartamento en alquiler en Ur. Ingenieria,"Ur. Ingenieria, San Martín de Porres, Lima, Lima ",S/.880,3 dormitorios,2 baños,40 m²,2013,,Apartamento,Alquiler,"Hace 1 semana, 1 día - Publicado por Remax Integrity",https://www.properati.com.pe/detalle/14032-32-2544-cb5dc039adc3-fdf2bdae-a917-4326
Apartamento en alquiler en Ur. Santa Cruz,"Ur. Santa Cruz, Miraflores, Lima, Lima ",USD750,2 dormitorios,3 baños,84 m²,,S/.350,Apartamento,Alquiler,"Hace 1 semana, 2 días - Publicado por RE/MAX POWER EXPO",https://www.properati.com.pe/detalle/14032-32-822-3b269f0108ea-feb6d8af-a66e-41c0
Apartamento en alquiler en Ur. Santa Cruz,"Ur. Santa Cruz, Miraflores, Lima, Lima ","USD1,100",1 dormitorio,1 baño,120 m²,2018,,Apartamento,Alquiler,"Hace 6 días, 22 horas - Publicado por SOCIOS INMOBILIARIOS",https://www.properati.com.pe/detalle/14032-32-94e4-7400017644e-fc22b402-9a0f-45d8
Apartamento en alquiler en Hu. Club Arabe,"Hu. Club Arabe, Santiago de Surco, Lima, Lima ","USD1,600",3 dormitorios,2 baños,150 m²,2012,S/.650,Apartamento,Alquiler,27 dic. 2022 - Publicado por Ccasa Inmobiliaria,https://www.properati.com.pe/detalle/14032-32-185b-e1afbf14c631-f883f770-b93b-4a3a
Apartamento en alquiler en Ur. Chacra Colorada,"Ur. Chacra Colorada, Breña, Lima, Lima ",USD400,2 dormitorios,1 baño,73 m²,2000,S/.40,Apartamento,Alquiler,"Hace 1 semana, 1 día - Publicado por SERVICIOS INMOBILIARIOS",https://www.properati.com.pe/detalle/14032-32-ca86-5ea0a0efca4a-efa7aa49-b6e5-4c79
Apartamento en alquiler en Ur. Alicia,"Ur. Alicia, Santiago de Surco, Lima, Lima ",USD980,3 dormitorios,3 baños,126 m²,2019,S/.500,Apartamento,Alquiler,"Hace 1 semana, 17 horas - Publicado por Faure Cruz",https://www.properati.com.pe/detalle/14032-32-d90a-afbdc1f2fb6f-ea9ae520-b078-120d
Apartamento en alquiler en Ur. Mariscal Castilla,"Ur. Mariscal Castilla, San Borja, Lima, Lima ","S/.2,000",2 dormitorios,1 baño,60 m²,1988,S/.130,Apartamento,Alquiler,"Hace 1 semana, 1 día - Publicado por Prime House",https://www.properati.com.pe/detalle/14032-32-d462-8d7f7ae36feb-f1cc4a07-a620-4d79
Apartamento en alquiler en Ur. San Isidro,"Ur. San Isidro, San Isidro, Lima, Lima ",USD600,1 dormitorio,1 baño,50 m²,2023,S/.200,Apartamento,Alquiler,"Hace 1 semana, 2 días - Publicado por INMOBILIARIA INTERNACIONAL DEL PERU",https://www.properati.com.pe/detalle/14032-32-5c1c-8e19b1cba6be-f1049f36-84db-420b
Apartamento en alquiler en Hu. Cercado De Miraflores,"Hu. Cercado De Miraflores, Miraflores, Lima, Lima ","USD1,100",2 dormitorios,3 baños,105 m²,2010,S/.545,Apartamento,Alquiler,Hace 1 semana - Publicado por GRUPO JCTP INMOBILIARIO SAC,https://www.properati.com.pe/detalle/14032-32-65f2-161cab17efa8-d4cbe50d-90a9-426a
Apartamento en alquiler en Co. Virgen De Fatima,"Co. Virgen De Fatima, San Martín de Porres, Lima, Lima ",S/.850,2 dormitorios,1 baño,65 m²,1500,S/.25,Apartamento,Alquiler,"Hace 1 semana, 1 día - Publicado por Kayrós Inmobiliaria",https://www.properati.com.pe/detalle/14032-32-fee9-866febd5e7d4-db0c5195-844f-437e
Apartamento en alquiler en Comas,"Comas, Lima, Lima ",S/.950,3 dormitorios,1 baño,52 m²,2015,S/.115,Apartamento,Alquiler,"Hace 1 semana, 1 día - Publicado por REMAX FAMILY",https://www.properati.com.pe/detalle/14032-32-4c15-8d6c8384a80a-cf83993e-a06a-4bd4
Apartamento en alquiler en Ur. Balta,"Ur. Balta, Miraflores, Lima, Lima ",USD850,2 dormitorios,2 baños,80 m²,2016,S/.480,Apartamento,Alquiler,"Hace 1 semana, 6 horas - Publicado por Corretaje Pelusa",https://www.properati.com.pe/detalle/14032-32-a008-dc332b3b709d-c1400d1e-919d-4243
Apartamento en alquiler en Ur. Chacarilla Santa Cruz,"Ur. Chacarilla Santa Cruz, San Isidro, Lima, Lima ","USD2,800",3 dormitorios,3 baños,240 m²,2019,"S/.1,900",Apartamento,Alquiler,"Hace 1 semana, 1 día - Publicado por Büro Propiedades",https://www.properati.com.pe/detalle/14032-32-daf7-a61ccfc9fddd-bbd3af13-a20f-4159
Apartamento en alquiler en Ur. Confraternidad,"Ur. Confraternidad, Barranco, Lima, Lima ",USD650,1 dormitorio,1 baño,48 m²,2019,S/.310,Apartamento,Alquiler,"Hace 1 semana, 1 día - Publicado por Verónica Frida Dávila Herrera",https://www.properati.com.pe/detalle/14032-32-f76e-e36691304f2c-b90596e3-a037-4b75
Apartamento en alquiler en Surquillo,"Surquillo, Lima, Lima ","S/.2,200",1 dormitorio,1 baño,43 m²,2018,S/.150,Apartamento,Alquiler,"Hace 1 semana, 23 horas - Publicado por REMAX UNITED",https://www.properati.com.pe/detalle/14032-32-af85-94e239b955bb-b0521e17-880f-4f47
Apartamento en alquiler en Ur. Armendariz,"Ur. Armendariz, Miraflores, Lima, Lima ","USD1,000",3 dormitorios,2 baños,110 m²,2012,S/.300,Apartamento,Alquiler,"Hace 1 semana, 2 días - Publicado por joresco real estate",https://www.properati.com.pe/detalle/14032-32-d7f9-a7c0a273d46a-cd1cdfb0-a715-120d
Apartamento en alquiler en Ur. Libertad,"Ur. Libertad, San Miguel, Lima, Lima ","S/.2,100",3 dormitorios,2 baños,70 m²,2018,S/.250,Apartamento,Alquiler,"Hace 1 semana, 17 horas - Publicado por Century 21 Horizonte",https://www.properati.com.pe/detalle/14032-32-d90c-390c5b71487a-ae022130-9d80-120d
Apartamento en alquiler en Ur. Confraternidad,"Ur. Confraternidad, Barranco, Lima, Lima ","USD2,500",3 dormitorios,2 baños,176 m²,2022,S/.715,Apartamento,Alquiler,"Hace 1 semana, 1 día - Publicado por 2g Agentes Inmobiliarios",https://www.properati.com.pe/detalle/14032-32-5cf-65fda1edc488-9f912a8a-ba44-4612
Apartamento en alquiler en Ur. Valle Hermoso Residencial (San Demetrio De Monterrico),"Ur. Valle Hermoso Residencial (San Demetrio De Monterrico), Santiago de Surco, Lima, Lima ",USD750,3 dormitorios,3 baños,120 m²,2012,S/.360,Apartamento,Alquiler,"Hace 1 semana, 5 horas - Publicado por Marcia Rodriguez",https://www.properati.com.pe/detalle/14032-32-d097-c6516cf96ca7-9d22e808-b555-40e4
Apartamento en alquiler en Ur. Country Club,"Ur. Country Club, San Isidro, Lima, Lima ","USD1,100",2 dormitorios,2 baños,151 m²,2017,S/.510,Apartamento,Alquiler,"Hace 1 semana, 23 horas - Publicado por RE/MAX Realty Group",https://www.properati.com.pe/detalle/14032-32-b98b-4c747748a0bf-9a542b4d-8f3f-481f
Apartamento en alquiler en Ah. 12 De Agosto I Sector,"Ah. 12 De Agosto I Sector, Los Olivos, Lima, Lima ","S/.1,500",4 dormitorios,2 baños,94 m²,2009,,Apartamento,Alquiler,"Hace 1 semana, 2 días - Publicado por REMAX UNITED",https://www.properati.com.pe/detalle/14032-32-d5f8-31c7b742f2b3-8eeacbf0-b2f6-4b82
Apartamento en alquiler en Surco,"Surco, Santiago De Surco, Lima, Lima ","USD1,200",3 dormitorios,4 baños,204 m²,2011,S/.400,Apartamento,Alquiler,"Hace 1 semana, 1 día - Publicado por Agentes Asociados",https://www.properati.com.pe/detalle/14032-32-d83e-253ced5ee55f-9b5f35a0-b174-120d
Apartamento en alquiler en Hu. Cercado De Miraflores,"Hu. Cercado De Miraflores, Miraflores, Lima, Lima ","S/.2,600",2 dormitorios,2 baños,59 m²,2018,S/.180,Apartamento,Alquiler,"Hace 1 semana, 4 horas - Publicado por Remax Visión Miraflores Lima",https://www.properati.com.pe/detalle/14032-32-b131-dcf648d5175e-8a70a8d9-ad23-443a
Apartamento en alquiler en Ur. Valle Hermoso Oeste,"Ur. Valle Hermoso Oeste, Santiago de Surco, Lima, Lima ","USD4,300",5 dormitorios,5 baños,470 m²,2014,"S/.1,500",Apartamento,Alquiler,"Hace 1 semana, 7 horas - Publicado por Büro Propiedades",https://www.properati.com.pe/detalle/14032-32-fa13-113ebd37d42e-86027943-8493-461b
Apartamento en alquiler en Ur. Leuro,"Ur. Leuro, Miraflores, Lima, Lima ","S/.3,900",3 dormitorios,3 baños,135 m²,2010,S/.450,Apartamento,Alquiler,"Hace 1 semana, 16 horas - Publicado por SOCIOS INMOBILIARIOS",https://www.properati.com.pe/detalle/14032-32-d915-43d9171bb0db-790e97c0-a4cf-120d
Apartamento en alquiler en Ur. Balta,"Ur. Balta, Miraflores, Lima, Lima ",USD850,3 dormitorios,2 baños,190 m²,,S/.250,Apartamento,Alquiler,22 mar. 2023 - Publicado por Proyectum  Perú,https://www.properati.com.pe/detalle/14032-32-c44b-815467a519b3-785d63be-8457-40ce
Apartamento en alquiler en Ur. America,"Ur. America, Miraflores, Lima, Lima ","S/.2,000",1 dormitorio,1 baño,52 m²,1971,S/.220,Apartamento,Alquiler,"Hace 1 semana, 1 día - Publicado por RE/MAX Lider-Luis Lancho Navas",https://www.properati.com.pe/detalle/14032-32-d876-956870f986d-749b1140-b7c6-120d
Apartamento en alquiler en Ur. La Alborada,"Ur. La Alborada, Santiago de Surco, Lima, Lima ",USD550,1 dormitorio,1 baño,64 m²,1995,S/.80,Apartamento,Alquiler,"Hace 1 semana, 1 día - Publicado por RE/MAX Expo",https://www.properati.com.pe/detalle/14032-32-1a42-bc3283b964fa-74498470-86f6-45d7
Apartamento en alquiler en Ur. Armendariz,"Ur. Armendariz, Miraflores, Lima, Lima ","USD1,500",3 dormitorios,2 baños,133 m²,2009,S/.667,Apartamento,Alquiler,"Hace 1 semana, 1 día - Publicado por CONFIAR Consultores Inmobiliarios Figari & Aramburú ",https://www.properati.com.pe/detalle/14032-32-ed1a-805179b4190b-6706e776-b1af-4c26
Apartamento en alquiler en Ur. Santa Cruz,"Ur. Santa Cruz, Miraflores, Lima, Lima ",USD900,2 dormitorios,2 baños,103 m²,2010,,Apartamento,Alquiler,"Hace 1 semana, 1 día - Publicado por GARRIDO SECLEN RICARDY BUENAVENTURA",https://www.properati.com.pe/detalle/14032-32-d823-cfb2289def34-6e71b2e0-9ba2-120d
Apartamento en alquiler en Ur. Santa Beatriz,"Ur. Santa Beatriz, Jesús María, Lima, Lima ","S/.1,800",1 dormitorio,1 baño,50 m²,,,Apartamento,Alquiler,"Hace 1 semana, 1 día - Publicado por RealWasi Inmobiliaria",https://www.properati.com.pe/detalle/14032-32-d829-d127d4d2b90f-6250c860-b026-120d
Apartamento en alquiler en Ur. Confraternidad,"Ur. Confraternidad, Barranco, Lima, Lima ","S/.2,830",1 dormitorio,1 baño,40 m²,2023,,Apartamento,Alquiler,"Hace 1 semana, 2 días - Publicado por RE/MAX PERÚ",https://www.properati.com.pe/detalle/14032-32-d7ba-ef58649d52f-5a66902c-9af4-46fc
Apartamento en alquiler en Ur. America,"Ur. America, Miraflores, Lima, Lima ",USD900,2 dormitorios,2 baños,100 m²,2012,S/.690,Apartamento,Alquiler,"Hace 1 semana, 1 día - Publicado por SOCIOS INMOBILIARIOS",https://www.properati.com.pe/detalle/14032-32-d8c9-2d992ccedc6d-5b23d140-9325-120d
Apartamento en alquiler en Ur. San Miguel,"Ur. San Miguel, San Miguel, Lima, Lima ","S/.1,100",2 dormitorios,1 baño,45 m²,2023,,Apartamento,Alquiler,"Hace 2 semanas, 14 horas - Publicado por Encontré tu Hogar",https://www.properati.com.pe/detalle/14032-32-d3a8-d15c0189ad19-51f02900-856d-120d
Apartamento en alquiler en Ur. El Carmen,"Ur. El Carmen, Pueblo Libre, Lima, Lima ","S/.2,300",3 dormitorios,2 baños,89 m²,2016,S/.100,Apartamento,Alquiler,27 mar. 2023 - Publicado por Ccasa Inmobiliaria,https://www.properati.com.pe/detalle/14032-32-d0c-88dc6292fe03-50f08c4f-9cb0-4f6e
Apartamento en alquiler en Ur. El Derby,"Ur. El Derby, Santiago de Surco, Lima, Lima ",USD750,2 dormitorios,2 baños,70 m²,2023,S/.250,Apartamento,Alquiler,"Hace 1 semana, 2 horas - Publicado por Corretajes Inmobiliarios Matessa SAC",https://www.properati.com.pe/detalle/14032-32-2732-1baec3acc30a-4a16d6cb-a582-4075
Apartamento en alquiler en Ur. Prolongacion Benavides,"Ur. Prolongacion Benavides, Santiago de Surco, Lima, Lima ","S/.1,400",1 dormitorio,1 baño,60 m²,2000,S/.50,Apartamento,Alquiler,"Hace 1 semana, 1 día - Publicado por Danitza Zapata Tomassini",https://www.properati.com.pe/detalle/14032-32-fd22-647bbc82daad-449a5824-bef7-45a5
Apartamento en alquiler en Ur. San Isidro,"Ur. San Isidro, San Isidro, Lima, Lima ","USD1,150",2 dormitorios,2 baños,130 m²,,S/.750,Apartamento,Alquiler,"Hace 1 semana, 4 horas - Publicado por Fiorella Saldarriaga",https://www.properati.com.pe/detalle/14032-32-e8aa-767e44a2b490-46e93fcf-8ac2-40a5
Apartamento en alquiler en Re. San Felipe,"Re. San Felipe, San Isidro, Lima, Lima ",USD950,2 dormitorios,2 baños,90 m²,2013,S/.320,Apartamento,Alquiler,"Hace 1 semana, 4 horas - Publicado por Inmobiliaria Casella",https://www.properati.com.pe/detalle/14032-32-5294-4204e72bc0f5-2e87f4df-978d-4bc7
Apartamento en alquiler en Ur. Santa Cruz,"Ur. Santa Cruz, Miraflores, Lima, Lima ","USD3,500",3 dormitorios,3 baños,345 m²,2022,"S/.1,750",Apartamento,Alquiler,"Hace 1 semana, 19 horas - Publicado por 2g Agentes Inmobiliarios",https://www.properati.com.pe/detalle/14032-32-2627-20e9295a4be1-391497db-9083-474e
Apartamento en alquiler en Ur. El Derby,"Ur. El Derby, Santiago de Surco, Lima, Lima ",USD750,2 dormitorios,2 baños,70 m²,2023,S/.250,Apartamento,Alquiler,"Hace 6 días, 23 horas - Publicado por Corretajes Inmobiliarios Matessa SAC",https://www.properati.com.pe/detalle/14032-32-b0df-4e5bf22aefba-328c3f30-a1bc-4482
Apartamento en alquiler en Hu. Cercado De Miraflores,"Hu. Cercado De Miraflores, Miraflores, Lima, Lima ","USD2,100",3 dormitorios,4 baños,246 m²,,"S/.1,550",Apartamento,Alquiler,16 feb. 2023 - Publicado por Rafael Reyes Martel,https://www.properati.com.pe/detalle/14032-32-9f24-26f469ea761b-25a290cf-ad7e-4a0d
Apartamento en alquiler en San Bartolo,"San Bartolo, Lima, Lima ","USD2,800",3 dormitorios,2 baños,115 m²,,S/.500,Apartamento,Alquiler,"Hace 1 semana, 2 horas - Publicado por INMOBILIARIA UNLIMITED S.A.C.",https://www.properati.com.pe/detalle/14032-32-3919-ffd1a1e9fcd-18405d9a-badf-4eb0
Apartamento en alquiler en Ur. Prolongacion Benavides,"Ur. Prolongacion Benavides, Santiago de Surco, Lima, Lima ","S/.2,000",3 dormitorios,2 baños,75 m²,2008,,Apartamento,Alquiler,"Hace 1 semana, 1 día - Publicado por Remax Integrity",https://www.properati.com.pe/detalle/14032-32-effb-668b90a486c6-1088c5eb-8c03-4afe
Apartamento en alquiler en La Victoria,"La Victoria, Lima, Lima ","S/.2,300",2 dormitorios,1 baño,65 m²,,S/.200,Apartamento,Alquiler,"Hace 1 semana, 2 días - Publicado por Infinito Novantanove E.I.R.L",https://www.properati.com.pe/detalle/14032-32-5916-d8c55f663eae-17eabd7e-81f7-4bf6
Apartamento en alquiler en Santiago De Surco,"Santiago De Surco, Lima, Lima ","USD1,500",3 dormitorios,2 baños,125 m²,2013,,Apartamento,Alquiler,"Hace 1 semana, 1 día - Publicado por SOCIOS INMOBILIARIOS",https://www.properati.com.pe/detalle/14032-32-ebec-21c547b2c5fc-103f45c2-a947-4f26
Apartamento en alquiler en Ur. Santa Catalina,"Ur. Santa Catalina, La Victoria, Lima, Lima ",USD580,2 dormitorios,2 baños,60 m²,2002,S/.180,Apartamento,Alquiler,"Hace 6 días, 23 horas - Publicado por GRUPO JCTP INMOBILIARIO SAC",https://www.properati.com.pe/detalle/14032-32-d219-5921bdeac5db-962dd21-bba7-4635
Apartamento en alquiler en Ur. Mariscal Castilla,"Ur. Mariscal Castilla, San Borja, Lima, Lima ",USD800,3 dormitorios,4 baños,129 m²,2013,S/.300,Apartamento,Alquiler,"Hace 1 semana, 1 día - Publicado por REQUIEROMICASA ",https://www.properati.com.pe/detalle/14032-32-8af7-1cdb06d9c0f3-b3b3d36-af41-42b8
Apartamento en alquiler en Ur. San Cesar Etapa I,"Ur. San Cesar Etapa I, La Molina, Lima, Lima ","USD1,200",2 dormitorios,3 baños,124 m²,,,Apartamento,Alquiler,"Hace 1 semana, 4 horas - Publicado por Dominio Inmobiliaria",https://www.properati.com.pe/detalle/14032-32-2be3-e5d8b3e62770-4f45264-b50c-4b0d
Apartamento en alquiler en Ur. Los Cedros,"Ur. Los Cedros, Santiago de Surco, Lima, Lima ","S/.2,800",2 dormitorios,2 baños,54 m²,2022,,Apartamento,Alquiler,"Hace 1 semana, 1 día - Publicado por RE/MAX PERÚ",https://www.properati.com.pe/detalle/14032-32-91ad-6ae0408a8692-505d3d6-9c19-4cb7
Apartamento en alquiler en Ur. Los Alerces De Monterrico,"Ur. Los Alerces De Monterrico, Santiago de Surco, Lima, Lima ","USD900,000",3 dormitorios,2 baños,118 m²,2007,,Apartamento,Alquiler,"Hace 1 semana, 1 día - Publicado por REMAX UNITED",https://www.properati.com.pe/detalle/14032-32-ad39-520b5be11ce0-270cf8cf-b911-4cc1
Apartamento en alquiler en Sd. S/N,"Sd. S/N, Puente Piedra, Lima, Lima ",S/.800,3 dormitorios,1 baño,54 m²,,S/.100,Apartamento,Alquiler,"Hace 1 semana, 5 días - Publicado por Sheriel Herrera",https://www.properati.com.pe/detalle/14032-32-d784-16ff3d6e0202-f98c46d1-a952-470c
Apartamento en alquiler en Hu. Cercado De Miraflores,"Hu. Cercado De Miraflores, Miraflores, Lima, Lima ","USD1,400",2 dormitorios,3 baños,107 m²,2010,S/.350,Apartamento,Alquiler,"Hace 1 semana, 6 días - Publicado por SERVICIOS INMOBILIARIOS",https://www.properati.com.pe/detalle/14032-32-8bb6-57c5c47b3bf7-ed96281f-9688-4e4b
Apartamento en alquiler en Ur. San Antonio,"Ur. San Antonio, Miraflores, Lima, Lima ","USD1,400",3 dormitorios,4 baños,210 m²,2015,S/.650,Apartamento,Alquiler,19 nov. 2022 - Publicado por Lien Hub Inmobiliario,https://www.properati.com.pe/detalle/14032-32-1c87-391426fddf66-e9c9d2ce-af70-4c3e
Apartamento en alquiler en Ur. San Felipe,"Ur. San Felipe, Jesús María, Lima, Lima ","S/.2,800",3 dormitorios,3 baños,83 m²,2020,S/.265,Apartamento,Alquiler,"Hace 1 semana, 4 días - Publicado por REMAX UNITED",https://www.properati.com.pe/detalle/14032-32-5610-84a3ea723047-cd8c1d58-ac42-4d7a
Apartamento en alquiler en Ur. Armendariz,"Ur. Armendariz, Miraflores, Lima, Lima ",USD800,2 dormitorios,2 baños,80 m²,2016,S/.250,Apartamento,Alquiler,"Hace 1 semana, 4 días - Publicado por Nexdor SAC",https://www.properati.com.pe/detalle/14032-32-efaa-82986693eb81-b84b9302-b61b-4190
Apartamento en alquiler en Ur. Los Granados,"Ur. Los Granados, Santiago de Surco, Lima, Lima ","USD2,000",3 dormitorios,4 baños,202 m²,2013,S/.800,Apartamento,Alquiler,"Hace 1 semana, 5 días - Publicado por RE/MAX Expo",https://www.properati.com.pe/detalle/14032-32-7830-ae2618494356-c2bedf1e-9342-484d
Apartamento en alquiler en Hu. Cercado De Miraflores,"Hu. Cercado De Miraflores, Miraflores, Lima, Lima ","USD1,990",3 dormitorios,4 baños,180 m²,2014,S/.800,Apartamento,Alquiler,"Hace 1 semana, 3 días - Publicado por Luis Joya Inmobiliaria",https://www.properati.com.pe/detalle/14032-32-d703-2fcc8345f8ae-b0514610-83e3-120d
Apartamento en alquiler en Ur. San Juan Sector A,"Ur. San Juan Sector A, San Juan de Miraflores, Lima, Lima ","S/.1,700",4 dormitorios,3 baños,80 m²,,,Apartamento,Alquiler,"Hace 1 semana, 6 días - Publicado por Peruconsultores",https://www.properati.com.pe/detalle/14032-32-d4cd-4b2e66054c72-b4183750-a599-120d
Apartamento en alquiler en Ur. San Luis,"Ur. San Luis, Barranco, Lima, Lima ","S/.2,300",3 dormitorios,2 baños,80 m²,,,Apartamento,Alquiler,"Hace 1 semana, 5 días - Publicado por RealWasi Inmobiliaria",https://www.properati.com.pe/detalle/14032-32-d4f4-c10e934ce7c1-afa14370-ba08-120d
Apartamento en alquiler en Ur. Leuro,"Ur. Leuro, Miraflores, Lima, Lima ",USD780,2 dormitorios,2 baños,,2007,S/.293,Apartamento,Alquiler,"Hace 1 semana, 3 días - Publicado por SOCIOS INMOBILIARIOS",https://www.properati.com.pe/detalle/14032-32-d717-b76ceb51d798-a2a56d70-a23d-120d
Apartamento en alquiler en San Miguel,"San Miguel, Lima, Lima ","S/.1,700",3 dormitorios,2 baños,65 m²,,,Apartamento,Alquiler,"Hace 1 semana, 4 días - Publicado por REMAX CENTENARIO",https://www.properati.com.pe/detalle/14032-32-e2cc-8600e517620d-a2b3ca1f-b278-4203
Apartamento en alquiler en Hu. Cercado De Miraflores,"Hu. Cercado De Miraflores, Miraflores, Lima, Lima ",USD750,2 dormitorios,2 baños,120 m²,1983,S/.365,Apartamento,Alquiler,"Hace 1 semana, 6 días - Publicado por SPACIO GRUPO INMOBILIARIO S.A.C",https://www.properati.com.pe/detalle/14032-32-772b-bcce8671b87f-890f6eb2-977a-46b9
Apartamento en alquiler en Hu. Cercado De Miraflores,"Hu. Cercado De Miraflores, Miraflores, Lima, Lima ",USD825,2 dormitorios,2 baños,118 m²,,,Apartamento,Alquiler,"Hace 1 semana, 4 días - Publicado por REMAX CENTENARIO",https://www.properati.com.pe/detalle/14032-32-ba1e-be4d79a7d85b-8b43e563-aa3b-4bfe
Apartamento en alquiler en San Martín de Porres,"San Martín de Porres, Lima, Lima ","S/.1,100",3 dormitorios,2 baños,140 m²,,,Apartamento,Alquiler,"Hace 1 semana, 5 días - Publicado por Sheriel Herrera",https://www.properati.com.pe/detalle/14032-32-814e-be153ea6d77d-8672b741-bb51-4706
Apartamento en alquiler en Ur. San Antonio,"Ur. San Antonio, Miraflores, Lima, Lima ",USD790,3 dormitorios,2 baños,116 m²,2019,S/.50,Apartamento,Alquiler,"Hace 1 semana, 4 días - Publicado por JESUS ALTAMIRANO CONDEMARIN",https://www.properati.com.pe/detalle/14032-32-7592-7fe74a33ee99-5efee4c3-8250-4710
Apartamento en alquiler en Ur. Las Gardenias,"Ur. Las Gardenias, Santiago de Surco, Lima, Lima ","S/.1,650",1 dormitorio,1 baño,40 m²,2022,S/.1,Apartamento,Alquiler,"Hace 1 semana, 4 días - Publicado por NNK PERU SAC",https://www.properati.com.pe/detalle/14032-32-d5c4-7d4880c48aa7-86651e20-854b-120d
Apartamento en alquiler en Ur. Camacho,"Ur. Camacho, Santiago de Surco, Lima, Lima ","USD1,600",3 dormitorios,3 baños,185 m²,2000,S/.800,Apartamento,Alquiler,"Hace 1 semana, 4 días - Publicado por SOCIOS INMOBILIARIOS",https://www.properati.com.pe/detalle/14032-32-6f41-9e2597574f2a-3f4ffba8-b742-4039
Apartamento en alquiler en Ur. San Luis,"Ur. San Luis, Miraflores, Lima, Lima ","USD1,100",3 dormitorios,4 baños,124 m²,2013,S/.440,Apartamento,Alquiler,"Hace 1 semana, 4 días - Publicado por RE/MAX Expo",https://www.properati.com.pe/detalle/14032-32-2e14-58b6bc29d2e7-3e929215-962b-4c07
Apartamento en alquiler en Ur. Santa Ines,"Ur. Santa Ines, San Isidro, Lima, Lima ","USD1,800",3 dormitorios,3 baños,240 m²,2004,S/.850,Apartamento,Alquiler,"Hace 1 semana, 4 días - Publicado por Marcia Rodriguez",https://www.properati.com.pe/detalle/14032-32-7e8e-598120757d97-1d7cb284-840a-421b
Apartamento en alquiler en Ur. La Viñita,"Ur. La Viñita, Barranco, Lima, Lima ","USD1,150",2 dormitorios,2 baños,55 m²,2019,S/.350,Apartamento,Alquiler,"Hace 2 semanas, 6 días - Publicado por Roxana Elvira Lazarte Alatrista",https://www.properati.com.pe/detalle/14032-32-901f-cfc59e915481-fca0-8228-461e
Apartamento en alquiler en Ur. Armendariz,"Ur. Armendariz, Miraflores, Lima, Lima ",USD550,1 dormitorio,1 baño,64 m²,1993,S/.200,Apartamento,Alquiler,"Hace 1 semana, 5 días - Publicado por Mundo Inmobiliario Perú E.I.R.L.",https://www.properati.com.pe/detalle/14032-32-7bbe-97b165de6e86-57e30fb9-835b-4659
Apartamento en alquiler en Ur. La Viñita,"Ur. La Viñita, Barranco, Lima, Lima ","S/.2,300",1 dormitorio,1 baño,41 m²,2021,S/.190,Apartamento,Alquiler,26 mar. 2023 - Publicado por Siker Grupo Inmobiliario,https://www.properati.com.pe/detalle/14032-32-e38-edf848e8f79f-2df19a7-a1eb-4303
Apartamento en alquiler en Ur. San Antonio,"Ur. San Antonio, Miraflores, Lima, Lima ",USD990,2 dormitorios,4 baños,126 m²,2021,S/.450,Apartamento,Alquiler,"Hace 1 semana, 3 días - Publicado por GNS Inmobiliaria",https://www.properati.com.pe/detalle/14032-32-70b5-7a05466b7a0d-6cf6709-8f1b-3aac
Apartamento en alquiler en Ur. San Borja,"Ur. San Borja, San Borja, Lima, Lima ","S/.1,000",1 dormitorio,1 baño,40 m²,,,Apartamento,Alquiler,"Hace 2 semanas, 9 horas - Publicado por Ikasa Inmobiliaria",https://www.properati.com.pe/detalle/14032-32-3e86-e94212b918fe-f7459d85-b549-4d36
Apartamento en alquiler en Ur. Humboldt,"Ur. Humboldt, Miraflores, Lima, Lima ",USD950,3 dormitorios,3 baños,125 m²,2014,S/.250,Apartamento,Alquiler,"Hace 2 semanas, 3 días - Publicado por SOCIOS INMOBILIARIOS",https://www.properati.com.pe/detalle/14032-32-d111-bfb9c066b15b-f5f763e0-aa56-120d
Apartamento en alquiler en Ur. San Isidro,"Ur. San Isidro, San Isidro, Lima, Lima ","S/.2,700",2 dormitorios,2 baños,62 m²,2023,S/.250,Apartamento,Alquiler,"Hace 2 semanas, 1 día - Publicado por Dominio Inmobiliaria",https://www.properati.com.pe/detalle/14032-32-ef00-eb2bc763034e-f11679a9-abab-4248
Apartamento en alquiler en Miraflores,"Miraflores, Lima, Lima ",USD700,1 dormitorio,1 baño,54 m²,2019,S/.370,Apartamento,Alquiler,"Hace 2 semanas, 1 día - Publicado por GARRIDO SECLEN RICARDY BUENAVENTURA",https://www.properati.com.pe/detalle/14032-32-d295-c18bd8bc6275-ebcbc520-951d-120d
Apartamento en alquiler en Ur. El Vivero,"Ur. El Vivero, Santiago de Surco, Lima, Lima ","S/.3,100",3 dormitorios,3 baños,105 m²,2007,S/.270,Apartamento,Alquiler,"Hace 2 semanas, 1 día - Publicado por Century 21 Ambassador",https://www.properati.com.pe/detalle/14032-32-2857-fad090d91150-d5274f07-a500-343a
Apartamento en alquiler en Ur. San Felipe,"Ur. San Felipe, Jesús María, Lima, Lima ","S/.4,050",4 dormitorios,4 baños,180 m²,2016,S/.420,Apartamento,Alquiler,"Hace 2 semanas, 1 hora - Publicado por ASPRO asesores profesionales",https://www.properati.com.pe/detalle/14032-32-5f3b-c42d2a052944-d5bcab8d-9151-4ba7
Apartamento en alquiler en Ur. San Juan Sector D,"Ur. San Juan Sector D, San Juan de Miraflores, Lima, Lima ","S/.1,500",3 dormitorios,2 baños,135 m²,2012,,Apartamento,Alquiler,"Hace 2 semanas, 22 horas - Publicado por ASPRO asesores profesionales",https://www.properati.com.pe/detalle/14032-32-a476-79b47ed1304e-c52f3e0c-83b0-4973
Apartamento en alquiler en Hu. Cercado De Miraflores,"Hu. Cercado De Miraflores, Miraflores, Lima, Lima ",USD950,3 dormitorios,2 baños,119 m²,2012,S/.370,Apartamento,Alquiler,"Hace 2 semanas, 1 día - Publicado por Alinea Inmobiliaria",https://www.properati.com.pe/detalle/14032-32-155-c4a4df80c6f7-c9633850-a6ef-4800
Apartamento en alquiler en Santiago de Surco,"Santiago de Surco, Lima, Lima ","S/.1,200",1 dormitorio,1 baño,26 m²,2021,,Apartamento,Alquiler,"Hace 2 semanas, 20 horas - Publicado por RE/MAX Expo",https://www.properati.com.pe/detalle/14032-32-2a89-7883e25bab04-cf39694c-8c9e-41d6
Apartamento en alquiler en Ur. Prolongacion Benavides,"Ur. Prolongacion Benavides, Santiago de Surco, Lima, Lima ","S/.2,350",2 dormitorios,2 baños,50 m²,2022,S/.250,Apartamento,Alquiler,"Hace 2 semanas, 7 horas - Publicado por IRIS JOYA - PROPIEDADES",https://www.properati.com.pe/detalle/14032-32-ce85-c1b39d260e3f-bec8362f-84a9-4185
Apartamento en alquiler en Ur. Huacrachuco,"Ur. Huacrachuco, Chorrillos, Lima, Lima ","S/.2,500",3 dormitorios,2 baños,70 m²,2023,S/.250,Apartamento,Alquiler,"Hace 2 semanas, 5 horas - Publicado por REMAX FAMILY",https://www.properati.com.pe/detalle/14032-32-48c7-70f4f5e09aa3-bd811d7b-b4f9-475c
Apartamento en alquiler en Sector 3,"Sector 3, Provincia de Lima, Provincia de Lima ","USD1,300",3 dormitorios,2 baños,160 m²,2015,S/.760,Apartamento,Alquiler,20 abr. 2022 - Publicado por Lucy Mier y Teran,https://www.properati.com.pe/detalle/14032-32-962d-5e2b343e7355-c47abfb6-8d82-48f2
Apartamento en alquiler en Re. Santa Cruz,"Re. Santa Cruz, San Isidro, Lima, Lima ","Consultar
                        ",2 dormitorios,1 baño,132 m²,,,Apartamento,Alquiler,"Hace 2 semanas, 2 horas - Publicado por RE/MAX Dreams pe",https://www.properati.com.pe/detalle/14032-32-f654-1facdf466d48-bc6887bd-a392-4a31
Apartamento en alquiler en Ur. Aurora,"Ur. Aurora, Surquillo, Lima, Lima ","S/.2,800",2 dormitorios,2 baños,78 m²,2019,,Apartamento,Alquiler,"Hace 2 semanas, 2 días - Publicado por RE/MAX PRO",https://www.properati.com.pe/detalle/14032-32-c7d0-8d134af667ba-b6392442-a7c0-49bb
Apartamento en alquiler en Ur. Isla Verde,"Ur. Isla Verde, Jesús María, Lima, Lima ","S/.1,200",2 dormitorios,1 baño,70 m²,,,Apartamento,Alquiler,"Hace 2 semanas, 1 día - Publicado por Ikasa Inmobiliaria",https://www.properati.com.pe/detalle/14032-32-650-30d9527e3355-b33fe99d-a261-4120
Apartamento en alquiler en Ur. Jardin,"Ur. Jardin, San Isidro, Lima, Lima ","USD1,800",3 dormitorios,3 baños,211 m²,,,Apartamento,Alquiler,"Hace 2 semanas, 16 horas - Publicado por J&P Boutique Inmobiliaria Perú",https://www.properati.com.pe/detalle/14032-32-c391-e67344298e22-afa1e88f-9041-44f7
Apartamento en alquiler en Hu. Cercado De Miraflores,"Hu. Cercado De Miraflores, Miraflores, Lima, Lima ",USD900,2 dormitorios,3 baños,180 m²,1990,S/.400,Apartamento,Alquiler,"Hace 2 semanas, 2 días - Publicado por DOMUS REAL ESTATE ",https://www.properati.com.pe/detalle/14032-32-21a-266fd34a1a6b-988b1322-b798-47a5
Apartamento en alquiler en Ur. Pro Quinto Sector I Etapa,"Ur. Pro Quinto Sector I Etapa, Los Olivos, Lima, Lima ","S/.1,300",3 dormitorios,2 baños,86 m²,2023,,Apartamento,Alquiler,"Hace 2 semanas, 23 horas - Publicado por REMAX FAMILY",https://www.properati.com.pe/detalle/14032-32-ea29-7168c1fff1d3-a0e8ab24-8f89-464b
Apartamento en alquiler en Ur. El Rosal,"Ur. El Rosal, Miraflores, Lima, Lima ","USD1,000",2 dormitorios,3 baños,106 m²,2016,S/.495,Apartamento,Alquiler,3 feb. 2023 - Publicado por GARRIDO SECLEN RICARDY BUENAVENTURA,https://www.properati.com.pe/detalle/14032-32-a40b-8be85815d288-986a51c0-9e22-120d
Apartamento en alquiler en Ur. La Alborada Ii Etapa,"Ur. La Alborada Ii Etapa, Comas, Lima, Lima ",S/.800,3 dormitorios,1 baño,60 m²,2008,,Apartamento,Alquiler,"Hace 2 semanas, 23 horas - Publicado por Remax Integrity",https://www.properati.com.pe/detalle/14032-32-bcfa-10c33d2eac9e-8e755e25-97f1-490c
Apartamento en alquiler en Ur. Balconcillo,"Ur. Balconcillo, La Victoria, Lima, Lima ","S/.2,300",3 dormitorios,2 baños,70 m²,2022,S/.220,Apartamento,Alquiler,"Hace 2 semanas, 2 días - Publicado por IRIS JOYA - PROPIEDADES",https://www.properati.com.pe/detalle/14032-32-e3b5-9a203a30add5-7dad7ce7-b882-4c54
Apartamento en alquiler en Ag. Los Balcones De Salamanca (Los Parques De Monterrico),"Ag. Los Balcones De Salamanca (Los Parques De Monterrico), Ate, Lima, Lima ","USD2,500",3 dormitorios,2 baños,94 m²,2011,,Apartamento,Alquiler,Hace 2 semanas - Publicado por REMAX FAMILY,https://www.properati.com.pe/detalle/14032-32-8100-6eaf8a270c99-7a70b14c-91eb-45d0
Apartamento en alquiler en Ur. Valle Hermoso Residencial (San Demetrio De Monterrico),"Ur. Valle Hermoso Residencial (San Demetrio De Monterrico), Santiago de Surco, Lima, Lima ","S/.3,300",3 dormitorios,4 baños,130 m²,2013,S/.370,Apartamento,Alquiler,"Hace 2 semanas, 1 día - Publicado por JM HOME INMOBILIARIA",https://www.properati.com.pe/detalle/14032-32-69a4-f82ec3b0a7b6-70612112-be63-4366
Apartamento en alquiler en Re. San Felipe,"Re. San Felipe, San Isidro, Lima, Lima ","USD1,000",2 dormitorios,2 baños,100 m²,2014,S/.1,Apartamento,Alquiler,"Hace 2 semanas, 1 día - Publicado por ISMAEL RIVAS OTERO",https://www.properati.com.pe/detalle/14032-32-e68c-11552ccda39f-7bd5cb14-9a1e-47e4
Apartamento en alquiler en Ur. S/N,"Ur. S/N, Lince, Lima, Lima ","S/.2,700",3 dormitorios,2 baños,78 m²,2023,,Apartamento,Alquiler,"Hace 2 semanas, 4 horas - Publicado por REMAX FAMILY",https://www.properati.com.pe/detalle/14032-32-ecfb-a35c7586ef58-715ac6b2-ac76-428c
Apartamento en alquiler en Ah. Laura Caller Iberico,"Ah. Laura Caller Iberico, Los Olivos, Lima, Lima ","S/.1,200",1 dormitorio,1 baño,60 m²,2018,,Apartamento,Alquiler,"Hace 2 semanas, 1 hora - Publicado por RE/MAX Dreams pe",https://www.properati.com.pe/detalle/14032-32-cb00-1c5f908264ff-7c5b0797-b11c-485f
Apartamento en alquiler en Ur. Balta,"Ur. Balta, Miraflores, Lima, Lima ","USD1,300",3 dormitorios,3 baños,160 m²,,S/.720,Apartamento,Alquiler,16 feb. 2023 - Publicado por Faure Cruz,https://www.properati.com.pe/detalle/14032-32-5184-7575224c3821-673a5e15-bbb4-4b8e
Apartamento en alquiler en Ur. Balta,"Ur. Balta, Miraflores, Lima, Lima ","USD2,400",3 dormitorios,2 baños,205 m²,2015,,Apartamento,Alquiler,"Hace 2 semanas, 2 días - Publicado por Metropoli Servicios Inmobiliarios",https://www.properati.com.pe/detalle/14032-32-d257-3535964f88ec-6dc143f0-9a01-120d
Apartamento en alquiler en Monterrico,"Monterrico, Santiago De Surco, Lima, Lima ",USD800,3 dormitorios,2 baños,122 m²,,S/.30,Apartamento,Alquiler,"Hace 2 semanas, 1 día - Publicado por COLUMBUS INMOBILIARIA",https://www.properati.com.pe/detalle/14032-32-9ffb-861f992f455d-643b3d5f-b89b-4b61
Apartamento en alquiler en Magdalena del Mar,"Magdalena del Mar, Lima, Lima ",USD980,3 dormitorios,2 baños,126 m²,2014,S/.300,Apartamento,Alquiler,"Hace 2 semanas, 3 días - Publicado por joresco real estate",https://www.properati.com.pe/detalle/14032-32-d11f-d79deca05055-5c3e0660-b6d7-120d
Apartamento en alquiler en El Palomar,"El Palomar, Provincia de Lima, Provincia de Lima ","S/.2,400",2 dormitorios,1 baño,70 m²,1995,S/.120,Apartamento,Alquiler,24 ene. 2022 - Publicado por Ana Bay Inmuebles,https://www.properati.com.pe/detalle/14032-32-f7c2-a57c99e2d64e-622ca061-9c0b-42a7
Apartamento en alquiler en Ur. Jardin,"Ur. Jardin, San Isidro, Lima, Lima ","USD1,000",2 dormitorios,2 baños,626 m²,,,Apartamento,Alquiler,"Hace 2 semanas, 1 hora - Publicado por RE/MAX Dreams pe",https://www.properati.com.pe/detalle/14032-32-d531-d7dc1bbf4d3f-58998812-a688-41bc
Apartamento en alquiler en Ur. Aurora Este,"Ur. Aurora Este, Surquillo, Lima, Lima ","S/.3,300",4 dormitorios,3 baños,160 m²,2013,S/.300,Apartamento,Alquiler,"Hace 2 semanas, 2 días - Publicado por Piero ñopo Echevarría",https://www.properati.com.pe/detalle/14032-32-5850-34c14bf9f410-493c716b-8eb2-44eb
Apartamento en alquiler en Sd. S/N,"Sd. S/N, Magdalena del Mar, Lima, Lima ","S/.1,990",1 dormitorio,1 baño,40 m²,2020,S/.250,Apartamento,Alquiler,"Hace 2 semanas, 2 horas - Publicado por RE/MAX Expo",https://www.properati.com.pe/detalle/14032-32-a8cc-a4b03f79e4e3-533c84da-8b30-45a6
Apartamento en alquiler en Ur. Mayorazgo Chico,"Ur. Mayorazgo Chico, Ate, Lima, Lima ",S/.850,1 dormitorio,1 baño,40 m²,2018,S/.1,Apartamento,Alquiler,"Hace 2 semanas, 1 día - Publicado por RE/MAX Performance",https://www.properati.com.pe/detalle/14032-32-d7f1-42550a1260ba-485384ea-934e-4966
Apartamento en alquiler en Ur. El Vivero,"Ur. El Vivero, Santiago de Surco, Lima, Lima ","S/.3,100",3 dormitorios,3 baños,105 m²,2007,S/.270,Apartamento,Alquiler,"Hace 2 semanas, 2 días - Publicado por Century 21 Ambassador",https://www.properati.com.pe/detalle/14032-32-fd0c-565ae425a505-47155309-8a4a-4ea1
Apartamento en alquiler en Ur. Las Magnolias,"Ur. Las Magnolias, San Borja, Lima, Lima ","Consultar
                        ",3 dormitorios,3 baños,144 m²,,,Apartamento,Alquiler,"Hace 2 semanas, 1 día - Publicado por GESS Asesores Inmobiliarios",https://www.properati.com.pe/detalle/14032-32-b1e4-fa13d098c651-38445260-8d7a-4f6f
Apartamento en alquiler en Ur. San Luis,"Ur. San Luis, Miraflores, Lima, Lima ",USD850,2 dormitorios,1 baño,73 m²,2023,,Apartamento,Alquiler,"Hace 2 semanas, 1 día - Publicado por Dominio Inmobiliaria",https://www.properati.com.pe/detalle/14032-32-c793-fafebc9ce007-364d074d-bfb2-4771
Apartamento en alquiler en Ur. Corpac,"Ur. Corpac, San Isidro, Lima, Lima ",USD750,3 dormitorios,2 baños,134 m²,2000,S/.100,Apartamento,Alquiler,"Hace 2 semanas, 2 días - Publicado por JUAN LIBORIO CORREA LUNA",https://www.properati.com.pe/detalle/14032-32-4849-32aa1e4190c7-32bda875-9ab9-4e4b
Apartamento en alquiler en Ur. Armendariz,"Ur. Armendariz, Miraflores, Lima, Lima ","USD1,900",2 dormitorios,2 baños,125 m²,2017,S/.700,Apartamento,Alquiler,"Hace 2 semanas, 3 días - Publicado por Roxana Elvira Lazarte Alatrista",https://www.properati.com.pe/detalle/14032-32-c3f8-a43efc763840-31823bca-a8d7-496c
Apartamento en alquiler en Ur. La Viñita,"Ur. La Viñita, Barranco, Lima, Lima ",USD690,1 dormitorio,1 baño,44 m²,2022,S/.150,Apartamento,Alquiler,"Hace 1 semana, 6 días - Publicado por NANCY VERAMENDI A.",https://www.properati.com.pe/detalle/14032-32-ff40-e9102852112e-23e640bc-8132-41db
Apartamento en alquiler en Ur. San Miguel,"Ur. San Miguel, San Miguel, Lima, Lima ",USD470,2 dormitorios,1 baño,45 m²,2023,,Apartamento,Alquiler,"Hace 2 semanas, 1 día - Publicado por Dominio Inmobiliaria",https://www.properati.com.pe/detalle/14032-32-ee91-335980a8e24-1fca9418-b493-4451
Apartamento en alquiler en Ur. America,"Ur. America, Miraflores, Lima, Lima ","USD1,200",3 dormitorios,3 baños,140 m²,2014,S/.636,Apartamento,Alquiler,"Hace 2 semanas, 2 días - Publicado por Metropoli Servicios Inmobiliarios",https://www.properati.com.pe/detalle/14032-32-b4cc-cb9270d406aa-2caadedc-908a-4f98
Apartamento en alquiler en Ur. Avitentel (Entel Peru),"Ur. Avitentel (Entel Peru), San Juan de Miraflores, Lima, Lima ","S/.1,500",3 dormitorios,2 baños,98 m²,,,Apartamento,Alquiler,"Hace 2 semanas, 22 horas - Publicado por JM HOME INMOBILIARIA",https://www.properati.com.pe/detalle/14032-32-f68b-e147f5ba34b5-f8dc033-9ac9-44a5
Apartamento en alquiler en Ur. America,"Ur. America, Miraflores, Lima, Lima ","USD1,000",2 dormitorios,3 baños,106 m²,2010,S/.575,Apartamento,Alquiler,"Hace 2 semanas, 2 días - Publicado por Doris Peñaranda",https://www.properati.com.pe/detalle/14032-32-d24c-577331d3d019-5765b10-b702-120d
Apartamento en alquiler en Ur. Santa Teresa,"Ur. Santa Teresa, Santiago de Surco, Lima, Lima ","USD1,000",4 dormitorios,3 baños,134 m²,2007,S/.420,Apartamento,Alquiler,"Hace 2 semanas, 2 días - Publicado por Escalan Real Estate",https://www.properati.com.pe/detalle/14032-32-bc3f-2e16152df018-13bd516f-9711-4f06
Apartamento en alquiler en Ur. Valle Hermoso Este,"Ur. Valle Hermoso Este, Santiago de Surco, Lima, Lima ","S/.2,700",3 dormitorios,3 baños,90 m²,1988,S/.110,Apartamento,Alquiler,"Hace 2 semanas, 1 día - Publicado por Boris Bobbio Stihl",https://www.properati.com.pe/detalle/14032-32-3c93-c38c986cab18-224bf99-b7d7-4b26
Apartamento en alquiler en San Martín de Porres,"San Martín de Porres, Lima, Lima ","S/.1,100",3 dormitorios,2 baños,90 m²,2018,,Apartamento,Alquiler,16 feb. 2023 - Publicado por REMAX FAMILY,https://www.properati.com.pe/detalle/14032-32-3aa1-e1d44dbbfd56-fa5416a2-b813-4b1d
Apartamento en alquiler en Ur. La Arequipeña,"Ur. La Arequipeña, Pueblo Libre, Lima, Lima ","S/.1,500",2 dormitorios,1 baño,85 m²,,,Apartamento,Alquiler,"Hace 3 semanas, 5 horas - Publicado por Ikasa Inmobiliaria",https://www.properati.com.pe/detalle/14032-32-eaf4-b40003323fae-f986b9eb-a2bb-4dc8
Apartamento en alquiler en Ur. San Ignacio,"Ur. San Ignacio, Barranco, Lima, Lima ",USD770,1 dormitorio,1 baño,45 m²,2022,,Apartamento,Alquiler,"Hace 2 semanas, 1 día - Publicado por Dominio Inmobiliaria",https://www.properati.com.pe/detalle/14032-32-8a56-2a3ee9d4f543-1623684-a8aa-483b
Apartamento en alquiler en Comas,"Comas, Lima, Lima ","S/.1,500",3 dormitorios,2 baños,102 m²,2022,S/.120,Apartamento,Alquiler,"Hace 3 semanas, 23 horas - Publicado por RAIZ INMOBILIARIA & MARKETING S.A.C.",https://www.properati.com.pe/detalle/14032-32-cdd5-4fb23686def2-fd3fe0d0-bb17-120d
Apartamento en alquiler en Ur. Humboldt,"Ur. Humboldt, Miraflores, Lima, Lima ","S/.2,700",3 dormitorios,4 baños,100 m²,2013,S/.290,Apartamento,Alquiler,"Hace 2 semanas, 5 días - Publicado por JM HOME INMOBILIARIA",https://www.properati.com.pe/detalle/14032-32-34ed-ca047eaa1fe1-f799dd67-a269-4814
Apartamento en alquiler en Ur. El Suta,"Ur. El Suta, Pueblo Libre, Lima, Lima ","S/.2,000",2 dormitorios,2 baños,75 m²,2001,,Apartamento,Alquiler,"Hace 2 semanas, 5 días - Publicado por Arias Propiedades",https://www.properati.com.pe/detalle/14032-32-a3e0-91d58aaa6e9d-f796a130-b3c8-4133
Apartamento en alquiler en Ur. San Miguel,"Ur. San Miguel, San Miguel, Lima, Lima ","S/.1,350",2 dormitorios,1 baño,86 m²,2010,S/.50,Apartamento,Alquiler,27 nov. 2022 - Publicado por Encontré tu Hogar,https://www.properati.com.pe/detalle/14032-32-6e35-199e778ba6e5-f8389640-a96f-120d
Apartamento en alquiler en Ur. Risso,"Ur. Risso, San Isidro, Lima, Lima ","S/.4,000",2 dormitorios,2 baños,130 m²,2023,,Apartamento,Alquiler,"Hace 3 semanas, 1 hora - Publicado por Arias Propiedades",https://www.properati.com.pe/detalle/14032-32-32c5-b8f748a7b1d7-f3a29f6a-b748-4d54
Apartamento en alquiler en Ur. San Felipe,"Ur. San Felipe, Magdalena del Mar, Lima, Lima ","S/.3,400",2 dormitorios,2 baños,120 m²,2023,,Apartamento,Alquiler,28 mar. 2023 - Publicado por Arias Propiedades,https://www.properati.com.pe/detalle/14032-32-b24c-a8355bfa8a7f-f36779ce-aad1-4329
Apartamento en alquiler en Ur. Pablo Canepa,"Ur. Pablo Canepa, La Molina, Lima, Lima ","S/.2,600",3 dormitorios,2 baños,120 m²,2006,,Apartamento,Alquiler,"Hace 2 semanas, 6 días - Publicado por Arias Propiedades",https://www.properati.com.pe/detalle/14032-32-917a-d93a410dc685-ef7574be-a892-414e
Apartamento en alquiler en Ur. Las Magnolias,"Ur. Las Magnolias, Santiago de Surco, Lima, Lima ","S/.4,500",3 dormitorios,3 baños,165 m²,2016,,Apartamento,Alquiler,"Hace 2 semanas, 5 días - Publicado por Arias Propiedades",https://www.properati.com.pe/detalle/14032-32-e357-69d2e0831071-f042345b-ad52-448c
Apartamento en alquiler en Ur. Balta,"Ur. Balta, Miraflores, Lima, Lima ","USD1,100",2 dormitorios,3 baños,96 m²,2012,S/.360,Apartamento,Alquiler,"Hace 2 semanas, 4 días - Publicado por Boris Bobbio Stihl",https://www.properati.com.pe/detalle/14032-32-fed8-4be139a4a881-ec0ac8cc-b7a4-48a0
Apartamento en alquiler en Barranco,"Barranco, Lima, Lima ","S/.3,000",2 dormitorios,1 baño,90 m²,,,Apartamento,Alquiler,27 mar. 2023 - Publicado por Arias Propiedades,https://www.properati.com.pe/detalle/14032-32-e97d-ef8b952c17cf-ee337b2c-bda5-44cd
Apartamento en alquiler en Ur. Juan Xxiii,"Ur. Juan Xxiii, San Borja, Lima, Lima ","S/.2,000",1 dormitorio,1 baño,75 m²,2015,,Apartamento,Alquiler,27 mar. 2023 - Publicado por Arias Propiedades,https://www.properati.com.pe/detalle/14032-32-d620-b4c86092404-eb9585f5-ad8c-4d1d
Apartamento en alquiler en Ur. Valle Hermoso Oeste,"Ur. Valle Hermoso Oeste, Santiago de Surco, Lima, Lima ","S/.3,100",3 dormitorios,2 baños,136 m²,,,Apartamento,Alquiler,28 mar. 2023 - Publicado por Century 21 Ambassador,https://www.properati.com.pe/detalle/14032-32-a5a1-1f39fab0a12a-e62aa584-861f-3e84
Apartamento en alquiler en Ur. Pando Etapa Ii,"Ur. Pando Etapa Ii, San Miguel, Lima, Lima ",USD320,1 dormitorio,1 baño,110 m²,,S/.120,Apartamento,Alquiler,"Hace 3 semanas, 23 horas - Publicado por Galls Bienes Raices",https://www.properati.com.pe/detalle/14032-32-8dd4-5cb00285a9f9-e62417df-b170-4427
Apartamento en alquiler en Ur. Santa Cruz,"Ur. Santa Cruz, Miraflores, Lima, Lima ","USD3,000",3 dormitorios,3 baños,225 m²,2022,S/.950,Apartamento,Alquiler,"Hace 2 semanas, 6 días - Publicado por SANDRA USQUIANO",https://www.properati.com.pe/detalle/14032-32-1f6e-ed183900e498-f0de90ce-8bf2-4f6e
Apartamento en alquiler en Ur. Humboldt,"Ur. Humboldt, Miraflores, Lima, Lima ","S/.1,400",1 dormitorio,1 baño,50 m²,,,Apartamento,Alquiler,"Hace 3 semanas, 5 horas - Publicado por Ikasa Inmobiliaria",https://www.properati.com.pe/detalle/14032-32-3e3c-c6a694aadad2-e55b750d-a4ad-4996
Apartamento en alquiler en Ur. San Ignacio,"Ur. San Ignacio, Barranco, Lima, Lima ","S/.2,200",1 dormitorio,2 baños,50 m²,2015,,Apartamento,Alquiler,28 mar. 2023 - Publicado por Arias Propiedades,https://www.properati.com.pe/detalle/14032-32-d0bd-2c025aef92b7-d8d49087-92c6-4bd4
Apartamento en alquiler en Ah. Jesus Oropeza Chonta,"Ah. Jesus Oropeza Chonta, San Juan de Lurigancho, Lima, Lima ","S/.2,000",2 dormitorios,1 baño,55 m²,2023,,Apartamento,Alquiler,27 mar. 2023 - Publicado por REMAX FAMILY,https://www.properati.com.pe/detalle/14032-32-ea9a-ec35343ae96f-cfc89770-ab23-4ef9
Apartamento en alquiler en Up. Tahuantinsuyo Etapa I,"Up. Tahuantinsuyo Etapa I, Independencia, Lima, Lima ","S/.1,050",1 dormitorio,1 baño,80 m²,2016,S/.1,Apartamento,Alquiler,"Hace 2 semanas, 4 días - Publicado por IRIS JOYA - PROPIEDADES",https://www.properati.com.pe/detalle/14032-32-77b-790838d9985b-e272103d-a2ad-42b1
Apartamento en alquiler en Ur. San Damian,"Ur. San Damian, San Isidro, Lima, Lima ","S/.3,000",2 dormitorios,2 baños,75 m²,2006,,Apartamento,Alquiler,"Hace 2 semanas, 5 días - Publicado por Arias Propiedades",https://www.properati.com.pe/detalle/14032-32-770-9057ef03e1d2-de48a2b2-b3ce-4f01
Apartamento en alquiler en Ur. San Felipe,"Ur. San Felipe, Jesús María, Lima, Lima ","S/.1,500",2 dormitorios,2 baños,60 m²,,,Apartamento,Alquiler,"Hace 2 semanas, 6 días - Publicado por Arias Propiedades",https://www.properati.com.pe/detalle/14032-32-110e-98d891e8f6a8-cdd48d02-9e3c-41a9
Apartamento en alquiler en Ur. Risso,"Ur. Risso, San Isidro, Lima, Lima ","S/.3,000",3 dormitorios,2 baños,110 m²,2011,,Apartamento,Alquiler,27 mar. 2023 - Publicado por Arias Propiedades,https://www.properati.com.pe/detalle/14032-32-bc2c-27fcb6cbac95-cbbf27b0-8027-4270
Apartamento en alquiler en Ur. Prolongacion Benavides,"Ur. Prolongacion Benavides, Santiago de Surco, Lima, Lima ","S/.2,000",3 dormitorios,2 baños,100 m²,2017,,Apartamento,Alquiler,27 mar. 2023 - Publicado por Arias Propiedades,https://www.properati.com.pe/detalle/14032-32-d112-23c6e3db1a68-c9e24ce1-8464-4756
Apartamento en alquiler en Ur. La Viña,"Ur. La Viña, San Luis, Lima, Lima ","S/.1,400",2 dormitorios,1 baño,90 m²,,,Apartamento,Alquiler,Hace 3 semanas - Publicado por Ikasa Inmobiliaria,https://www.properati.com.pe/detalle/14032-32-26b-ed439bbaa045-c99f4db6-96e5-47f5
Apartamento en alquiler en Sd. S/N,"Sd. S/N, Pueblo Libre, Lima, Lima ","S/.2,700",3 dormitorios,3 baños,100 m²,2008,,Apartamento,Alquiler,"Hace 3 semanas, 1 hora - Publicado por Arias Propiedades",https://www.properati.com.pe/detalle/14032-32-1524-e92756b0e3f-c4588d94-bffe-4aee
Apartamento en alquiler en Ur. Santa Cruz,"Ur. Santa Cruz, Miraflores, Lima, Lima ","USD2,500",3 dormitorios,2 baños,158 m²,2014,"S/.1,000",Apartamento,Alquiler,"Hace 2 semanas, 6 días - Publicado por Verónica Arosemena",https://www.properati.com.pe/detalle/14032-32-1379-8cc36064c339-c803db59-afd9-4d66
Apartamento en alquiler en Ur. Risso,"Ur. Risso, San Isidro, Lima, Lima ","S/.3,000",3 dormitorios,3 baños,99 m²,2015,S/.400,Apartamento,Alquiler,"Hace 3 semanas, 4 horas - Publicado por LOGRA Inmobiliaria",https://www.properati.com.pe/detalle/14032-32-f36c-c7d962cf0c38-c5de7593-a00e-496a
Apartamento en alquiler en Ur. Maranga Etapa Iii,"Ur. Maranga Etapa Iii, San Miguel, Lima, Lima ","S/.1,400",2 dormitorios,1 baño,62 m²,,,Apartamento,Alquiler,Hace 3 semanas - Publicado por Ikasa Inmobiliaria,https://www.properati.com.pe/detalle/14032-32-3aa1-5368b0acbf3e-dbcd6e19-bdcd-4b35
Apartamento en alquiler en Carabayllo,"Carabayllo, Lima, Lima ",S/.600,2 dormitorios,1 baño,65 m²,2022,,Apartamento,Alquiler,"Hace 2 semanas, 4 días - Publicado por Remax Integrity",https://www.properati.com.pe/detalle/14032-32-7323-7128994db1bf-bf56fdef-8afa-4dfb
Apartamento en alquiler en Miraflores,"Miraflores, Lima, Lima ","S/.2,600",2 dormitorios,2 baños,100 m²,2015,,Apartamento,Alquiler,27 mar. 2023 - Publicado por Arias Propiedades,https://www.properati.com.pe/detalle/14032-32-4f01-631d281a2f33-b0955520-8b2d-4540
Apartamento en alquiler en Urb Cercado de Miraflores,"Urb Cercado de Miraflores, Provincia de Lima, Provincia de Lima ","USD1,400",2 dormitorios,2 baños,111 m²,2005,,Apartamento,Alquiler,26 feb. 2022 - Publicado por Inmoba Peru SAC,https://www.properati.com.pe/detalle/14032-32-2533-df88700c81f6-b4d70ba3-ba7a-40c7
Apartamento en alquiler en Ur. Club Golf De Los Incas,"Ur. Club Golf De Los Incas, Santiago de Surco, Lima, Lima ","USD1,200",3 dormitorios,3 baños,120 m²,2010,,Apartamento,Alquiler,"Hace 2 semanas, 5 días - Publicado por REMAX FUTURA",https://www.properati.com.pe/detalle/14032-32-c807-73fa95acd097-ad853337-8b05-4cf4
Apartamento en alquiler en Hu. Cercado De Miraflores,"Hu. Cercado De Miraflores, Miraflores, Lima, Lima ","S/.2,200",1 dormitorio,1 baño,45 m²,2002,S/.150,Apartamento,Alquiler,"Hace 2 semanas, 6 días - Publicado por Remax Inmuebles",https://www.properati.com.pe/detalle/14032-32-a84e-e69a3681355c-ae4ac21f-9cdf-402c
Apartamento en alquiler en Ah. Totorita,"Ah. Totorita, Rimac, Lima, Lima ","S/.1,450",2 dormitorios,1 baño,59 m²,2023,,Apartamento,Alquiler,"Hace 3 semanas, 4 horas - Publicado por Remax Integrity",https://www.properati.com.pe/detalle/14032-32-6281-e5c1c15661d4-ac32805e-b3b2-4490
Apartamento en alquiler en Ur. San Felipe,"Ur. San Felipe, Jesús María, Lima, Lima ","S/.3,000",3 dormitorios,2 baños,97 m²,,,Apartamento,Alquiler,"Hace 2 semanas, 4 días - Publicado por REMAX CENTENARIO",https://www.properati.com.pe/detalle/14032-32-2c5b-864d8b812df-abcc05df-a065-42a3
Apartamento en alquiler en Ur. Prolongacion Benavides,"Ur. Prolongacion Benavides, Santiago de Surco, Lima, Lima ","S/.1,400",2 dormitorios,1 baño,70 m²,,,Apartamento,Alquiler,"Hace 2 semanas, 6 días - Publicado por Ikasa Inmobiliaria",https://www.properati.com.pe/detalle/14032-32-a51b-d7557f267547-a84c9818-b5b4-4b53
Apartamento en alquiler en Ur. Santa Rosa De Surco,"Ur. Santa Rosa De Surco, Santiago de Surco, Lima, Lima ","USD1,200",2 dormitorios,2 baños,82 m²,2021,S/.1,Apartamento,Alquiler,"Hace 2 semanas, 5 días - Publicado por REMAX FUTURA",https://www.properati.com.pe/detalle/14032-32-997b-1556dfb6c36d-a70b43bb-94c7-4f88
Apartamento en alquiler en Ur. San Felipe,"Ur. San Felipe, Jesús María, Lima, Lima ","S/.1,500",2 dormitorios,1 baño,60 m²,2006,,Apartamento,Alquiler,28 mar. 2023 - Publicado por Arias Propiedades,https://www.properati.com.pe/detalle/14032-32-d88c-557bcf407478-aaf9246f-8048-4e57
Apartamento en alquiler en Ur. Confraternidad,"Ur. Confraternidad, Barranco, Lima, Lima ","S/.3,000",2 dormitorios,2 baños,90 m²,2019,,Apartamento,Alquiler,27 mar. 2023 - Publicado por Arias Propiedades,https://www.properati.com.pe/detalle/14032-32-8c3f-939f50a6351b-a83333a9-8e49-41a0
Apartamento en alquiler en Ur. Santa Cruz,"Ur. Santa Cruz, Miraflores, Lima, Lima ","USD2,000",3 dormitorios,3 baños,180 m²,2014,S/.780,Apartamento,Alquiler,"Hace 2 semanas, 4 días - Publicado por JORGE ERNESTO SALAS GONZALES",https://www.properati.com.pe/detalle/14032-32-3d1f-5ec917d4cf86-9e894cfd-b066-4cd5
Apartamento en alquiler en Ur. San Felipe,"Ur. San Felipe, Jesús María, Lima, Lima ","S/.2,700",3 dormitorios,2 baños,75 m²,2023,S/.180,Apartamento,Alquiler,"Hace 2 semanas, 5 días - Publicado por REMAX FUTURA",https://www.properati.com.pe/detalle/14032-32-332d-f32acdf1ff8c-9ec4def0-8180-45e7
Apartamento en alquiler en Ur. Isla Verde,"Ur. Isla Verde, Jesús María, Lima, Lima ","S/.2,200",1 dormitorio,2 baños,65 m²,2023,,Apartamento,Alquiler,"Hace 3 semanas, 22 horas - Publicado por RE/MAX Realty Group",https://www.properati.com.pe/detalle/14032-32-ff31-1b26bc0d424-a5e03cc9-ad37-485a
Apartamento en alquiler en La Molina,"La Molina, Lima, Lima ","S/.2,600",3 dormitorios,4 baños,120 m²,2018,,Apartamento,Alquiler,"Hace 2 semanas, 6 días - Publicado por Arias Propiedades",https://www.properati.com.pe/detalle/14032-32-8a27-11209b1f5178-95702ba2-af5d-4cdb
Apartamento en alquiler en San Miguel,"San Miguel, Lima, Lima ","S/.1,000",1 dormitorio,1 baño,40 m²,,,Apartamento,Alquiler,Hace 3 semanas - Publicado por Ikasa Inmobiliaria,https://www.properati.com.pe/detalle/14032-32-bede-cbed290f5c26-995139cf-8fbf-4f89
Apartamento en alquiler en Casuarinas Sur,"Casuarinas Sur, Provincia de Lima, Provincia de Lima ",USD800,3 dormitorios,3 baños,150 m²,2015,S/.600,Apartamento,Alquiler,3 ago. 2022 - Publicado por RE/MAX Expo,https://www.properati.com.pe/detalle/14032-32-d810-40dbaf3e8f4e-982c39a8-9332-484f
Apartamento en alquiler en Sd. S/N,"Sd. S/N, Puente Piedra, Lima, Lima ",S/.700,3 dormitorios,1 baño,58 m²,2021,,Apartamento,Alquiler,"Hace 2 semanas, 5 días - Publicado por Remax Integrity",https://www.properati.com.pe/detalle/14032-32-977f-7a4ada1c9871-93d946dc-bce0-4a27
Apartamento en alquiler en Ur. Santa Teresa,"Ur. Santa Teresa, Santiago de Surco, Lima, Lima ","USD1,000",3 dormitorios,3 baños,140 m²,,,Apartamento,Alquiler,"Hace 2 semanas, 6 días - Publicado por J&P Boutique Inmobiliaria Perú",https://www.properati.com.pe/detalle/14032-32-f330-23a816ecade6-9343cf9f-9c68-4beb
Apartamento en alquiler en Ur. America,"Ur. America, Miraflores, Lima, Lima ","S/.2,900",2 dormitorios,3 baños,93 m²,2028,S/.550,Apartamento,Alquiler,"Hace 3 semanas, 7 horas - Publicado por PREMIUM B R",https://www.properati.com.pe/detalle/14032-32-d329-d2bbf9c8f8a1-8f28ff42-b27a-458b
Apartamento en alquiler en Ur. Santa Ines,"Ur. Santa Ines, San Isidro, Lima, Lima ","S/.4,000",2 dormitorios,2 baños,130 m²,2001,,Apartamento,Alquiler,28 mar. 2023 - Publicado por Arias Propiedades,https://www.properati.com.pe/detalle/14032-32-c38d-5e3fd920725c-9232a84e-b1b3-41a9
Apartamento en alquiler en Ur. Confraternidad,"Ur. Confraternidad, Barranco, Lima, Lima ","S/.3,000",2 dormitorios,3 baños,90 m²,2022,,Apartamento,Alquiler,"Hace 3 semanas, 4 horas - Publicado por Arias Propiedades",https://www.properati.com.pe/detalle/14032-32-7e9c-c4036f53c9b1-8da4b68f-b714-466e
Apartamento en alquiler en Ur. Confraternidad,"Ur. Confraternidad, Barranco, Lima, Lima ","USD1,600",2 dormitorios,3 baños,179 m²,2015,S/.650,Apartamento,Alquiler,"Hace 2 semanas, 4 días - Publicado por Andrea Piazzon",https://www.properati.com.pe/detalle/14032-32-9654-d0a211e8f905-8dc6ec6a-91f5-4f48
Apartamento en alquiler en Ur. Santo Tomas,"Ur. Santo Tomas, San Borja, Lima, Lima ","S/.3,100",3 dormitorios,3 baños,120 m²,2023,,Apartamento,Alquiler,"Hace 2 semanas, 6 días - Publicado por Arias Propiedades",https://www.properati.com.pe/detalle/14032-32-6b81-9dd1eaa79c2d-8314a0a3-8193-475a
Apartamento en alquiler en Sd. Parque Zonal Tupac Amaru,"Sd. Parque Zonal Tupac Amaru, San Luis, Lima, Lima ",S/.950,1 dormitorio,1 baño,45 m²,,,Apartamento,Alquiler,Hace 3 semanas - Publicado por Ikasa Inmobiliaria,https://www.properati.com.pe/detalle/14032-32-9dc2-57fc1f53634e-84dadef2-a410-4610
Apartamento en alquiler en Ur. Orrantia Del Mar,"Ur. Orrantia Del Mar, San Isidro, Lima, Lima ","S/.1,700",1 dormitorio,1 baño,40 m²,,,Apartamento,Alquiler,"Hace 2 semanas, 6 días - Publicado por GG BIENES RAICES",https://www.properati.com.pe/detalle/14032-32-8a7c-1c11ba48cc18-81dd7f90-89f5-44fe
Apartamento en alquiler en Ur. Chacarilla Del Estanque,"Ur. Chacarilla Del Estanque, Santiago de Surco, Lima, Lima ","S/.2,300",2 dormitorios,2 baños,50 m²,2022,S/.250,Apartamento,Alquiler,"Hace 2 semanas, 4 días - Publicado por CASA VIP-CARLA ROSEMBERG",https://www.properati.com.pe/detalle/14032-32-d0c8-57679cfca873-81eb0680-a810-120d
Apartamento en alquiler en Santiago de Surco,"Santiago de Surco, Lima, Lima ","S/.1,750",3 dormitorios,2 baños,105 m²,2002,,Apartamento,Alquiler,9 mar. 2023 - Publicado por RE/MAX Expo,https://www.properati.com.pe/detalle/14032-32-8834-b43eeacf96f0-7fee4bab-a35c-4cf6
Apartamento en alquiler en Ur. Maranga Etapa Iv,"Ur. Maranga Etapa Iv, San Miguel, Lima, Lima ","S/.1,500",2 dormitorios,2 baños,75 m²,2008,,Apartamento,Alquiler,27 mar. 2023 - Publicado por Arias Propiedades,https://www.properati.com.pe/detalle/14032-32-ac4e-ccd8558f74fe-790dce4b-8f72-4d13
"Apartamento en alquiler en Ur. Las Brisas (Avep, Asincoop)","Ur. Las Brisas (Avep, Asincoop), Lima, Lima, Lima ","S/.1,500",1 dormitorio,1 baño,60 m²,2018,,Apartamento,Alquiler,Hace 3 semanas - Publicado por Arias Propiedades,https://www.properati.com.pe/detalle/14032-32-fd1-a353b6738471-78c863e8-8856-42a4
Apartamento en alquiler en Ur. S/N,"Ur. S/N, Lince, Lima, Lima ","S/.1,800",2 dormitorios,1 baño,65 m²,2020,S/.1,Apartamento,Alquiler,"Hace 2 semanas, 6 días - Publicado por Piero ñopo Echevarría",https://www.properati.com.pe/detalle/14032-32-551b-37dc49682ef8-778e8f6c-aace-4125
Apartamento en alquiler en As. Los Nogales,"As. Los Nogales, Los Olivos, Lima, Lima ","S/.1,500",4 dormitorios,2 baños,130 m²,,,Apartamento,Alquiler,"Hace 2 semanas, 5 días - Publicado por RealWasi Inmobiliaria",https://www.properati.com.pe/detalle/14032-32-d002-e13afee4e7fa-788230d0-9eba-120d
Apartamento en alquiler en Ate,"Ate, Lima, Lima ","S/.2,500",3 dormitorios,3 baños,115 m²,2023,,Apartamento,Alquiler,27 mar. 2023 - Publicado por REMAX FAMILY,https://www.properati.com.pe/detalle/14032-32-8a1c-c83b70bafd2c-7728ac65-860b-4983
